Model,Fingerprint,FP_Count,AUC,Accuracy,F1,MCC,Sensitivity,Specificity,BA
MultiFPStacking,Kle+ECF+MAC,3,0.805978997,0.769067797,0.849655172,0.404254766,0.93902439,0.381944444,0.660484417
MultiFPStacking,Pub+Kle+ECF+MAC,4,0.805280318,0.756355932,0.841815681,0.365589441,0.932926829,0.354166667,0.643546748
MultiFPStacking,Pub+Kle+MAC,3,0.805280318,0.758474576,0.842105263,0.374183046,0.926829268,0.375,0.650914634
MultiFPStacking,Kle+MAC,2,0.804899221,0.766949153,0.848901099,0.397158553,0.942073171,0.368055556,0.655064363
MultiFPStacking,Kle+MAC+Ato,3,0.803851203,0.762711864,0.844875346,0.386571823,0.929878049,0.381944444,0.655911247
MultiFPStacking,Kle+ECF+MAC+Ato,4,0.803840617,0.762711864,0.844875346,0.386571823,0.929878049,0.381944444,0.655911247
MultiFPStacking,Pub+Kle+MAC+Ato,4,0.803575965,0.76059322,0.844566713,0.378314973,0.93597561,0.361111111,0.64854336
MultiFPStacking,Pub+Kle+ECF+MAC+Ato,5,0.80316311,0.754237288,0.840220386,0.359705837,0.929878049,0.354166667,0.642022358
MultiFPStacking,Pub+Kle+MAC+RDK,4,0.802983147,0.752118644,0.839064649,0.352863909,0.929878049,0.347222222,0.638550136
MultiFPStacking,ECF+MAC,2,0.802972561,0.756355932,0.840940526,0.367474053,0.926829268,0.368055556,0.647442412
MultiFPStacking,Pub+ECF+MAC,3,0.802909045,0.752118644,0.838174274,0.355020883,0.923780488,0.361111111,0.642445799
MultiFPStacking,Kle+ECF+MAC+RDK,4,0.802591463,0.758474576,0.842541436,0.373235779,0.929878049,0.368055556,0.648966802
MultiFPStacking,Pub+Kle+ECF+MAC+RDK,5,0.802443259,0.762711864,0.846153846,0.384360981,0.93902439,0.361111111,0.650067751
MultiFPStacking,Pub+MAC,2,0.802411501,0.75,0.837465565,0.347050713,0.926829268,0.347222222,0.637025745
MultiFPStacking,Kle+MAC+RDK,3,0.802157436,0.752118644,0.839064649,0.352863909,0.929878049,0.347222222,0.638550136
MultiFPStacking,ECF+MAC+Ato,3,0.801829268,0.762711864,0.845730028,0.385016087,0.93597561,0.368055556,0.652015583
MultiFPStacking,Kle+ECF+MAC+Ato+RDK,5,0.801829268,0.76059322,0.844566713,0.378314973,0.93597561,0.361111111,0.64854336
MultiFPStacking,Pub+ECF+MAC+Ato,4,0.801702236,0.756355932,0.841815681,0.365589441,0.932926829,0.354166667,0.643546748
MultiFPStacking,Kle+MAC+Ato+RDK,4,0.801522273,0.758474576,0.843406593,0.371563408,0.93597561,0.354166667,0.645071138
MultiFPStacking,Pub+Kle+MAC+Ato+RDK,5,0.801522273,0.758474576,0.843406593,0.371563408,0.93597561,0.354166667,0.645071138
MultiFPStacking,,6,0.801469343,0.758474576,0.843835616,0.370848458,0.93902439,0.347222222,0.643123306
MultiFPStacking,Pub+ECF+MAC+RDK,4,0.800876524,0.758474576,0.843406593,0.371563408,0.93597561,0.354166667,0.645071138
MultiFPStacking,Pub+ECF+MAC+Ato+RDK,5,0.80032605,0.756355932,0.842681259,0.364011753,0.93902439,0.340277778,0.639651084
MultiFPStacking,ECF+MAC+Ato+RDK,4,0.800304878,0.756355932,0.84137931,0.366495877,0.929878049,0.361111111,0.64549458
MultiFPStacking,ECF+MAC+RDK,3,0.800199018,0.758474576,0.842975207,0.372360962,0.932926829,0.361111111,0.64701897
MultiFPStacking,Pub+MAC+Ato,3,0.800188432,0.752118644,0.83862069,0.353909581,0.926829268,0.354166667,0.640497967
MultiFPStacking,MAC+Ato,2,0.800124915,0.762711864,0.845730028,0.385016087,0.93597561,0.368055556,0.652015583
MultiFPStacking,Pub+MAC+Ato+RDK,4,0.800082571,0.756355932,0.842681259,0.364011753,0.93902439,0.340277778,0.639651084
MultiFPStacking,Pub+MAC+RDK,3,0.799849678,0.75,0.838797814,0.344015569,0.93597561,0.326388889,0.631182249
MultiFPStacking,MAC+Ato+RDK,3,0.799373306,0.756355932,0.842681259,0.364011753,0.93902439,0.340277778,0.639651084
MultiFPStacking,MAC+RDK,2,0.79890752,0.756355932,0.841815681,0.365589441,0.932926829,0.354166667,0.643546748
MultiFPUnionPipeline,Pub+Kle+MAC,3,0.797150237,0.764830508,0.846473029,0.392380394,0.932926829,0.381944444,0.657435637
RandomForest,,1,0.795244749,0.756355932,0.845637584,0.361680736,0.960365854,0.291666667,0.62601626
MultiFPUnionPipeline,Pub+Kle+ECF+MAC,4,0.794980098,0.752118644,0.840816327,0.349434058,0.942073171,0.319444444,0.630758808
MultiFPUnionPipeline,Kle+MAC,2,0.794429624,0.747881356,0.838971583,0.334539023,0.945121951,0.298611111,0.621866531
StackingEnsemble,,1,0.79393208,0.76059322,0.842837274,0.381832268,0.923780488,0.388888889,0.656334688
VotingEnsemble,,1,0.793254573,0.762711864,0.84180791,0.394139699,0.908536585,0.430555556,0.66954607
MultiFPUnionPipeline,Kle+ECF+MAC,3,0.792714685,0.741525424,0.838196286,0.309765748,0.963414634,0.236111111,0.599762873
MultiFPVoting,Pub+Kle+ECF+MAC+RDK,5,0.790618648,0.754237288,0.843665768,0.354664287,0.954268293,0.298611111,0.626439702
MultiFPVoting,Pub+Kle+MAC+RDK,4,0.790015244,0.752118644,0.841677943,0.348255356,0.948170732,0.305555556,0.626863144
MultiFPVoting,Pub+ECF+MAC+RDK,4,0.790004658,0.758474576,0.845945946,0.368746701,0.954268293,0.3125,0.633384146
MultiFPVoting,,6,0.788670816,0.752118644,0.842530283,0.347517724,0.954268293,0.291666667,0.62296748
MultiFPVoting,Pub+Kle+MAC+Ato+RDK,5,0.788628472,0.756355932,0.845222073,0.361638623,0.957317073,0.298611111,0.627964092
MultiFPVoting,Kle+ECF+MAC+RDK,4,0.788512026,0.758474576,0.846774194,0.368755601,0.960365854,0.298611111,0.629488482
MultiFPVoting,Kle+ECF+MAC+Ato+RDK,5,0.787961551,0.75,0.84097035,0.340648753,0.951219512,0.291666667,0.621443089
MultiFPVoting,Kle+MAC+RDK,3,0.787802761,0.756355932,0.844384303,0.361971688,0.951219512,0.3125,0.631859756
MultiFPVoting,Kle+MAC+Ato+RDK,4,0.787665142,0.758474576,0.845945946,0.368746701,0.954268293,0.3125,0.633384146
MultiFPUnionPipeline,Pub+Kle+ECF,3,0.787474593,0.756355932,0.84605087,0.36187993,0.963414634,0.284722222,0.624068428
MultiFPUnionPipeline,Pub+Kle,2,0.787389905,0.76059322,0.845839018,0.376536266,0.945121951,0.340277778,0.642699864
MultiFPUnionPipeline,Pub+ECF+MAC,3,0.786934705,0.743644068,0.834924966,0.323798842,0.932926829,0.3125,0.622713415
MultiFPStacking,Pub+Kle+ECF,3,0.786934705,0.752118644,0.839506173,0.351888299,0.932926829,0.340277778,0.636602304
StackingEnsemble,,1,0.786871189,0.76059322,0.845839018,0.376536266,0.945121951,0.340277778,0.642699864
MultiFPVoting,Pub+Kle+ECF+MAC+Ato,5,0.786850017,0.75,0.840108401,0.341700616,0.945121951,0.305555556,0.625338753
MultiFPStacking,Pub+Kle+ECF+RDK,4,0.786765329,0.756355932,0.842681259,0.364011753,0.93902439,0.340277778,0.639651084
MultiFPVoting,ECF+MAC+RDK,3,0.78673357,0.754237288,0.843665768,0.354664287,0.954268293,0.298611111,0.626439702
MultiFPVoting,Pub+ECF+MAC+Ato+RDK,5,0.786722984,0.754237288,0.843665768,0.354664287,0.954268293,0.298611111,0.626439702
RandomForest,,1,0.786648882,0.754237288,0.842818428,0.355322465,0.948170732,0.3125,0.630335366
MultiFPStacking,Pub+Kle+ECF+Ato,4,0.786617124,0.752118644,0.839064649,0.352863909,0.929878049,0.347222222,0.638550136
MultiFPVoting,Pub+MAC+RDK,3,0.786267785,0.754237288,0.84109589,0.357901677,0.93597561,0.340277778,0.638126694
MultiFPStacking,Pub+Kle+ECF+Ato+RDK,5,0.785685552,0.762711864,0.846994536,0.383325289,0.945121951,0.347222222,0.646172087
MultiFPVoting,Pub+Kle+ECF+MAC,4,0.785643208,0.743644068,0.834924966,0.323798842,0.932926829,0.3125,0.622713415
MultiFPUnionPipeline,Kle+ECF,2,0.785410315,0.722457627,0.829648895,0.232971823,0.972560976,0.152777778,0.562669377
MultiFPVoting,Pub+Kle+ECF+RDK,4,0.785357385,0.754237288,0.844086022,0.354526314,0.957317073,0.291666667,0.62449187
MultiFPVoting,Pub+Kle+MAC+Ato,4,0.785325627,0.752118644,0.841248304,0.348794079,0.945121951,0.3125,0.628810976
MultiFPStacking,Pub+Kle+Ato+RDK,4,0.785124492,0.752118644,0.840381992,0.350167554,0.93902439,0.326388889,0.63270664
MultiFPVoting,Pub+Kle+ECF+Ato+RDK,5,0.785018631,0.75,0.841397849,0.340297026,0.954268293,0.284722222,0.619495257
MultiFPUnionPipeline,Pub+ECF,2,0.785008045,0.743644068,0.836265223,0.320822691,0.942073171,0.291666667,0.616869919
MultiFPVoting,Pub+MAC+Ato+RDK,4,0.784923357,0.756355932,0.844384303,0.361971688,0.951219512,0.3125,0.631859756
MultiFPUnionPipeline,Pub+MAC,2,0.784828083,0.756355932,0.839160839,0.372022613,0.914634146,0.395833333,0.65523374
MultiFPVoting,Kle+ECF+MAC+Ato,4,0.784806911,0.747881356,0.838095238,0.336081332,0.93902439,0.3125,0.625762195
MultiFPVoting,Pub+Kle+MAC,3,0.784616362,0.747881356,0.837209302,0.337963611,0.932926829,0.326388889,0.629657859
MultiFPStacking,Kle+ECF+RDK,3,0.784563432,0.754237288,0.841530055,0.357118809,0.93902439,0.333333333,0.636178862
MultiFPStacking,Pub+Kle+RDK,3,0.784267022,0.756355932,0.843537415,0.362786785,0.945121951,0.326388889,0.63575542
MultiFPStacking,Kle+ECF+Ato+RDK,4,0.784224678,0.758474576,0.843835616,0.370848458,0.93902439,0.347222222,0.643123306
MultiFPVoting,Pub+ECF+MAC,3,0.784203506,0.752118644,0.840381992,0.350167554,0.93902439,0.326388889,0.63270664
MultiFPVoting,MAC+RDK,2,0.783917683,0.76059322,0.845417237,0.377035824,0.942073171,0.347222222,0.644647696
MultiFPVoting,ECF+MAC+Ato+RDK,4,0.783875339,0.752118644,0.843373494,0.347305926,0.960365854,0.277777778,0.619071816
MultiFPUnionPipeline,Pub+Kle+MAC+Ato,4,0.783864753,0.764830508,0.848567531,0.389720622,0.948170732,0.347222222,0.647696477
MultiFPStacking,Pub+Kle+Ato,3,0.783854167,0.754237288,0.841530055,0.357118809,0.93902439,0.333333333,0.636178862
MultiFPStacking,Kle+ECF+Ato,3,0.783822409,0.752118644,0.83862069,0.353909581,0.926829268,0.354166667,0.640497967
MultiFPUnionPipeline,Pub+Kle+ECF+Ato,4,0.783780064,0.745762712,0.839572193,0.325303457,0.957317073,0.263888889,0.610602981
MultiFPStacking,Pub+ECF+RDK,3,0.783610688,0.747881356,0.837653479,0.336983198,0.93597561,0.319444444,0.627710027
MultiFPVoting,Pub+Kle+Ato+RDK,4,0.783494241,0.754237288,0.844086022,0.354526314,0.957317073,0.291666667,0.62449187
MultiFPVoting,Pub+ECF+MAC+Ato,4,0.783250762,0.758474576,0.845945946,0.368746701,0.954268293,0.3125,0.633384146
MultiFPVoting,Pub+Kle+RDK,3,0.783155488,0.745762712,0.837837838,0.327306596,0.945121951,0.291666667,0.618394309
MultiFPStacking,Pub+ECF+Ato+RDK,4,0.783144902,0.76059322,0.845839018,0.376536266,0.945121951,0.340277778,0.642699864
MultiFPStacking,Kle+ECF,2,0.782869665,0.752118644,0.83994528,0.350987682,0.93597561,0.333333333,0.634654472
MultiFPStacking,Pub+Kle,2,0.782710874,0.756355932,0.842681259,0.364011753,0.93902439,0.340277778,0.639651084
MultiFPVoting,Pub+ECF+RDK,3,0.782456809,0.747881356,0.839838493,0.333396825,0.951219512,0.284722222,0.617970867
MultiFPStacking,Pub+ECF+Ato,3,0.782425051,0.747881356,0.836762689,0.339016997,0.929878049,0.333333333,0.631605691
MultiFPStacking,Pub+ECF,2,0.782033367,0.747881356,0.835862069,0.341323285,0.923780488,0.347222222,0.635501355
MultiFPVoting,Kle+ECF+MAC,3,0.781991023,0.743644068,0.834924966,0.323798842,0.932926829,0.3125,0.622713415
MultiFPStacking,Kle+Ato,2,0.781969851,0.756355932,0.842249657,0.364759601,0.93597561,0.347222222,0.641598916
MultiFPUnionPipeline,Pub+MAC+Ato,3,0.781938093,0.766949153,0.848484848,0.397671212,0.93902439,0.375,0.657012195
MultiFPUnionPipeline,Kle+MAC+Ato,3,0.781906335,0.764830508,0.849797023,0.389404353,0.957317073,0.326388889,0.641852981
MultiFPStacking,Kle+Ato+RDK,3,0.781874577,0.752118644,0.840816327,0.349434058,0.942073171,0.319444444,0.630758808
MultiFPVoting,Kle+MAC+Ato,3,0.781673442,0.75,0.839237057,0.343155819,0.93902439,0.319444444,0.629234417
MultiFPUnionPipeline,Kle+ECF+MAC+RDK,4,0.781631098,0.752118644,0.842105263,0.347826613,0.951219512,0.298611111,0.624915312
MultiFPVoting,MAC+Ato+RDK,3,0.781271172,0.754237288,0.844086022,0.354526314,0.957317073,0.291666667,0.62449187
MultiFPVoting,Pub+ECF+Ato+RDK,4,0.781271172,0.75,0.841397849,0.340297026,0.954268293,0.284722222,0.619495257
MultiFPUnionPipeline,Pub+Kle+Ato,3,0.781080623,0.754237288,0.842818428,0.355322465,0.948170732,0.3125,0.630335366
MultiFPStacking,Kle+RDK,2,0.780974763,0.756355932,0.844384303,0.361971688,0.951219512,0.3125,0.631859756
MultiFPVoting,Pub+Kle+ECF+Ato,4,0.780763042,0.75,0.84097035,0.340648753,0.951219512,0.291666667,0.621443089
MultiFPVoting,Pub+Kle+ECF,3,0.780636009,0.747881356,0.8385346,0.335264263,0.942073171,0.305555556,0.623814363
MultiFPUnionPipeline,Pub+Kle+ECF+MAC+Ato,5,0.780265498,0.764830508,0.850202429,0.389565807,0.960365854,0.319444444,0.639905149
VotingEnsemble,,1,0.78023374,0.75,0.835195531,0.353357958,0.911585366,0.381944444,0.646764905
MultiFPStacking,Pub+Ato+RDK,3,0.780127879,0.758474576,0.845108696,0.369262126,0.948170732,0.326388889,0.63727981
MultiFPVoting,Kle+MAC,2,0.780032605,0.745762712,0.833795014,0.337016717,0.917682927,0.354166667,0.635924797
StackingEnsemble,,1,0.780000847,0.743644068,0.832177531,0.331542284,0.914634146,0.354166667,0.634400407
MultiFPUnionPipeline,ECF+MAC,2,0.779799712,0.730932203,0.830892144,0.272303487,0.951219512,0.229166667,0.590193089
XGBoost,,1,0.779450373,0.73940678,0.827972028,0.324124448,0.902439024,0.368055556,0.63524729
MultiFPUnionPipeline,Pub+ECF+Ato,3,0.779386856,0.76059322,0.844137931,0.379082173,0.932926829,0.368055556,0.650491192
MultiFPUnionPipeline,Kle+ECF+Ato,3,0.779291582,0.728813559,0.831134565,0.261587097,0.960365854,0.201388889,0.580877371
MultiFPUnionPipeline,Pub+Kle+MAC+RDK,4,0.779132791,0.76059322,0.846675712,0.375853712,0.951219512,0.326388889,0.638804201
MultiFPUnionPipeline,Pub+ECF+MAC+Ato,4,0.779058689,0.752118644,0.841677943,0.348255356,0.948170732,0.305555556,0.626863144
MultiFPVoting,Kle+ECF+Ato+RDK,4,0.778878726,0.745762712,0.839142091,0.32562053,0.954268293,0.270833333,0.612550813
MultiFPStacking,ECF+Ato+RDK,3,0.778677591,0.752118644,0.840816327,0.349434058,0.942073171,0.319444444,0.630758808
MultiFPVoting,Pub+MAC,2,0.778561145,0.76059322,0.844137931,0.379082173,0.932926829,0.368055556,0.650491192
MultiFPVoting,Pub+Kle+Ato,3,0.778561145,0.752118644,0.841248304,0.348794079,0.945121951,0.3125,0.628810976
MultiFPUnionPipeline,Kle+ECF+MAC+Ato,4,0.778550559,0.745762712,0.84,0.325130153,0.960365854,0.256944444,0.608655149
MultiFPVoting,ECF+MAC+Ato,3,0.778349424,0.745762712,0.837837838,0.327306596,0.945121951,0.291666667,0.618394309
MultiFPUnionPipeline,Pub+Ato+RDK,3,0.778243564,0.75,0.844327177,0.342391488,0.975609756,0.236111111,0.605860434
MultiFPUnionPipeline,Pub+Ato,2,0.778211806,0.758474576,0.844262295,0.370222049,0.942073171,0.340277778,0.641175474
MultiFPVoting,Pub+MAC+Ato,3,0.778148289,0.754237288,0.84109589,0.357901677,0.93597561,0.340277778,0.638126694
MultiFPStacking,Pub+Ato,2,0.778031843,0.75,0.838356164,0.344954897,0.932926829,0.333333333,0.633130081
MultiFPVoting,Kle+ECF+RDK,3,0.777968327,0.752118644,0.843373494,0.347305926,0.960365854,0.277777778,0.619071816
MultiFPVoting,Pub+Kle,2,0.777640159,0.752118644,0.83994528,0.350987682,0.93597561,0.333333333,0.634654472
MultiFPStacking,ECF+RDK,2,0.777417852,0.747881356,0.8385346,0.335264263,0.942073171,0.305555556,0.623814363
VotingEnsemble,,1,0.777142615,0.730932203,0.829071332,0.276913228,0.93902439,0.256944444,0.597984417
MultiFPUnionPipeline,Kle+MAC+Ato+RDK,4,0.77683562,0.747881356,0.842800528,0.333902486,0.972560976,0.236111111,0.604336043
MultiFPVoting,Pub+RDK,2,0.77678269,0.75,0.837912088,0.345968264,0.929878049,0.340277778,0.635077913
MultiFPUnionPipeline,MAC+Ato+RDK,3,0.776518039,0.756355932,0.840499307,0.36851959,0.923780488,0.375,0.649390244
MultiFPUnionPipeline,Pub+ECF+MAC+RDK,4,0.776391006,0.75,0.838797814,0.344015569,0.93597561,0.326388889,0.631182249
MultiFPStacking,Pub+RDK,2,0.776221629,0.747881356,0.838095238,0.336081332,0.93902439,0.3125,0.625762195
MultiFPUnionPipeline,Kle+MAC+RDK,3,0.776200457,0.75,0.843085106,0.340340057,0.966463415,0.256944444,0.61170393
MultiFPVoting,Pub+ECF,2,0.776105183,0.741525424,0.834688347,0.314456918,0.93902439,0.291666667,0.615345528
MultiFPUnionPipeline,Pub+Kle+ECF+Ato+RDK,5,0.775798188,0.752118644,0.842530283,0.347517724,0.954268293,0.291666667,0.62296748
MultiFPVoting,Pub+ECF+Ato,3,0.775639397,0.741525424,0.835579515,0.312617684,0.945121951,0.277777778,0.611449864
MultiFPVoting,Pub+Ato+RDK,3,0.775512364,0.747881356,0.840268456,0.332999065,0.954268293,0.277777778,0.616023035
MultiFPVoting,ECF+MAC,2,0.77536416,0.754237288,0.841530055,0.357118809,0.93902439,0.333333333,0.636178862
StackingEnsemble,,1,0.775268886,0.73940678,0.830811554,0.314687312,0.920731707,0.326388889,0.623560298
MultiFPStacking,ECF+Ato,2,0.775046579,0.747881356,0.837653479,0.336983198,0.93597561,0.319444444,0.627710027
MultiFPUnionPipeline,MAC+Ato,2,0.774993648,0.726694915,0.829590489,0.253950186,0.957317073,0.201388889,0.579352981
MultiFPVoting,Kle+Ato+RDK,3,0.774654895,0.756355932,0.845222073,0.361638623,0.957317073,0.298611111,0.627964092
MultiFPUnionPipeline,,6,0.774559621,0.762711864,0.847826087,0.382702265,0.951219512,0.333333333,0.642276423
MultiFPUnionPipeline,Pub+Kle+ECF+MAC+RDK,5,0.774549035,0.752118644,0.841677943,0.348255356,0.948170732,0.305555556,0.626863144
MultiFPUnionPipeline,ECF+MAC+RDK,3,0.774443174,0.752118644,0.845033113,0.348936974,0.972560976,0.25,0.611280488
VotingEnsemble,,1,0.774316142,0.730932203,0.829071332,0.276913228,0.93902439,0.256944444,0.597984417
MultiFPUnionPipeline,Pub+Kle+RDK,3,0.774263211,0.754237288,0.841530055,0.357118809,0.93902439,0.333333333,0.636178862
MultiFPUnionPipeline,Pub+ECF+MAC+Ato+RDK,5,0.774220867,0.747881356,0.83449235,0.345221049,0.914634146,0.368055556,0.641344851
RandomForest,,1,0.774157351,0.75,0.835654596,0.351988682,0.914634146,0.375,0.644817073
MultiFPUnionPipeline,Pub+Kle+MAC+Ato+RDK,5,0.773860942,0.766949153,0.849726776,0.396428529,0.948170732,0.354166667,0.651168699
MultiFPUnionPipeline,ECF+RDK,2,0.773596291,0.752118644,0.840381992,0.350167554,0.93902439,0.326388889,0.63270664
MultiFPUnionPipeline,Pub+MAC+Ato+RDK,4,0.773469258,0.764830508,0.848153215,0.390059896,0.945121951,0.354166667,0.649644309
MultiFPUnionPipeline,Pub+MAC+RDK,3,0.773373984,0.758474576,0.842105263,0.374183046,0.926829268,0.375,0.650914634
XGBoost,,1,0.773098747,0.741525424,0.827195467,0.337837687,0.890243902,0.402777778,0.64651084
MultiFPUnionPipeline,Kle+Ato,2,0.772749407,0.745762712,0.838274933,0.326633218,0.948170732,0.284722222,0.616446477
MultiFPVoting,Kle+RDK,2,0.772569444,0.756355932,0.843537415,0.362786785,0.945121951,0.326388889,0.63575542
SVM,,1,0.772516514,0.758474576,0.845528455,0.368944313,0.951219512,0.319444444,0.635331978
MultiFPVoting,Kle+ECF+Ato,3,0.772146003,0.743644068,0.836707152,0.320000484,0.945121951,0.284722222,0.614922087
MultiFPStacking,Ato+RDK,2,0.771786077,0.758474576,0.845528455,0.368944313,0.951219512,0.319444444,0.635331978
KNN,,1,0.771436738,0.752118644,0.834042553,0.367427197,0.896341463,0.423611111,0.659976287
MultiFPUnionPipeline,Pub+Kle+ECF+RDK,4,0.771235603,0.747881356,0.838971583,0.334539023,0.945121951,0.298611111,0.621866531
VotingEnsemble,,1,0.770960366,0.75,0.837912088,0.345968264,0.929878049,0.340277778,0.635077913
RandomForest,,1,0.770928608,0.737288136,0.832432432,0.299679859,0.93902439,0.277777778,0.608401084
MultiFPUnionPipeline,Pub+ECF+RDK,3,0.770918022,0.754237288,0.842391304,0.355821987,0.945121951,0.319444444,0.632283198
MultiFPUnionPipeline,ECF+MAC+Ato,3,0.770483994,0.737288136,0.834224599,0.295911568,0.951219512,0.25,0.600609756
MultiFPUnionPipeline,ECF+MAC+Ato+RDK,4,0.770314617,0.754237288,0.841961853,0.356423312,0.942073171,0.326388889,0.63423103
MultiFPUnionPipeline,MAC+RDK,2,0.770251101,0.764830508,0.848567531,0.389720622,0.948170732,0.347222222,0.647696477
MultiFPVoting,MAC+Ato,2,0.770028794,0.73940678,0.831737346,0.311915468,0.926829268,0.3125,0.619664634
MultiFPUnionPipeline,Kle+ECF+MAC+Ato+RDK,5,0.769615938,0.752118644,0.84295302,0.347339901,0.957317073,0.284722222,0.621019648
MultiFPVoting,ECF+Ato+RDK,3,0.768843157,0.73940678,0.835341365,0.303583914,0.951219512,0.256944444,0.604081978
MultiFPVoting,Kle+Ato,2,0.768483232,0.745762712,0.838274933,0.326633218,0.948170732,0.284722222,0.616446477
StackingEnsemble,,1,0.768398543,0.756355932,0.842249657,0.364759601,0.93597561,0.347222222,0.641598916
MultiFPUnionPipeline,Pub+ECF+Ato+RDK,4,0.768335027,0.756355932,0.845222073,0.361638623,0.957317073,0.298611111,0.627964092
MultiFPVoting,ECF+RDK,2,0.768229167,0.756355932,0.843537415,0.362786785,0.945121951,0.326388889,0.63575542
RandomForest,,1,0.768091548,0.722457627,0.826490066,0.23926348,0.951219512,0.201388889,0.576304201
MultiFPUnionPipeline,Kle+RDK,2,0.767562246,0.743644068,0.836707152,0.320000484,0.945121951,0.284722222,0.614922087
MultiFPUnionPipeline,Pub+Kle+Ato+RDK,4,0.767456386,0.758474576,0.845528455,0.368944313,0.951219512,0.319444444,0.635331978
MultiFPUnionPipeline,Pub+RDK,2,0.766270749,0.743644068,0.834473324,0.324939539,0.929878049,0.319444444,0.624661247
MultiFPUnionPipeline,Kle+Ato+RDK,3,0.766270749,0.762711864,0.847826087,0.382702265,0.951219512,0.333333333,0.642276423
XGBoost,,1,0.766016684,0.75,0.841397849,0.340297026,0.954268293,0.284722222,0.619495257
MultiFPVoting,Pub+Ato,2,0.765752033,0.752118644,0.840381992,0.350167554,0.93902439,0.326388889,0.63270664
MultiFPUnionPipeline,ECF+Ato+RDK,3,0.764524051,0.737288136,0.837270341,0.294378169,0.972560976,0.201388889,0.586974932
MultiFPUnionPipeline,Kle+ECF+RDK,3,0.763772442,0.745762712,0.838709677,0.326067739,0.951219512,0.277777778,0.614498645
SVM,,1,0.763158452,0.743644068,0.84057971,0.318448418,0.972560976,0.222222222,0.597391599
SVM,,1,0.763042005,0.694915254,0.82,0,1,0,0.5
MultiFPVoting,Kle+ECF,2,0.762978489,0.73940678,0.834899329,0.304317394,0.948170732,0.263888889,0.60602981
MultiFPUnionPipeline,Ato+RDK,2,0.762110434,0.752118644,0.840381992,0.350167554,0.93902439,0.326388889,0.63270664
MultiFPUnionPipeline,Kle+ECF+Ato+RDK,4,0.762015159,0.75,0.841823056,0.34007622,0.957317073,0.277777778,0.617547425
StackingEnsemble,,1,0.761178862,0.741525424,0.832417582,0.32037312,0.923780488,0.326388889,0.625084688
RandomForest,,1,0.761125932,0.754237288,0.840659341,0.358765836,0.932926829,0.347222222,0.640074526
XGBoost,,1,0.761073001,0.728813559,0.822714681,0.287461611,0.905487805,0.326388889,0.615938347
XGBoost,,1,0.759051067,0.75,0.841823056,0.34007622,0.957317073,0.277777778,0.617547425
MultiFPVoting,Ato+RDK,2,0.75775957,0.745762712,0.837398374,0.328078767,0.942073171,0.298611111,0.620342141
MultiFPVoting,ECF+Ato,2,0.757621951,0.733050847,0.82972973,0.28586649,0.93597561,0.270833333,0.603404472
VotingEnsemble,,1,0.757516091,0.730932203,0.82626539,0.285867326,0.920731707,0.298611111,0.609671409
MultiFPUnionPipeline,ECF+Ato,2,0.75684917,0.726694915,0.828229028,0.25721813,0.948170732,0.222222222,0.585196477
KNN,RDKit,1,0.756775068,0.73940678,0.835341365,0.303583914,0.951219512,0.256944444,0.604081978
SVM,Klekota-Roth,1,0.75639397,0.75,0.842245989,0.339999402,0.960365854,0.270833333,0.615599593
KNN,PubChem,1,0.756266938,0.743644068,0.833103448,0.328736989,0.920731707,0.340277778,0.630504743
SVM,ECFP,1,0.749354251,0.720338983,0.829015544,0.22317627,0.975609756,0.138888889,0.557249322
SVM,AtomPairs,1,0.747755759,0.728813559,0.832460733,0.260322104,0.969512195,0.180555556,0.575033875
KNN,ECFP,1,0.744029472,0.716101695,0.824146982,0.209819688,0.957317073,0.166666667,0.56199187
XGBoost,ECFP,1,0.738524729,0.733050847,0.825484765,0.299850387,0.908536585,0.333333333,0.620934959
KNN,Klekota-Roth,1,0.728849085,0.730932203,0.827679783,0.281144998,0.929878049,0.277777778,0.603827913
KNN,AtomPairs,1,0.723820715,0.728813559,0.825136612,0.27849937,0.920731707,0.291666667,0.606199187
GaussianNB,PubChem,1,0.665226965,0.338983051,0.123595506,0.049521362,0.067073171,0.958333333,0.512703252
GaussianNB,MACCS,1,0.6475271,0.544491525,0.574257426,0.209097514,0.442073171,0.777777778,0.609925474
GaussianNB,AtomPairs,1,0.617166328,0.319915254,0.085470085,-0.021009355,0.045731707,0.944444444,0.495088076
GaussianNB,Klekota-Roth,1,0.567327236,0.455508475,0.41723356,0.145295613,0.280487805,0.854166667,0.567327236
GaussianNB,RDKit,1,0.567327236,0.61440678,0.714733542,0.121881382,0.695121951,0.430555556,0.562838753
GaussianNB,ECFP,1,0.558614922,0.436440678,0.411504425,0.071412856,0.283536585,0.784722222,0.534129404
