SMILES,molecular_weight,TPSA,NumHDonors,NumHAcceptors,MolLogP,MolMR
[H]OC(=O)C([H])([H])[H],60.05200000000001,37.3,1,1,0.09090000000000004,13.309800000000001
[H]C([H])([H])C(=O)C([H])([H])[H],58.08,17.07,0,1,0.5952999999999999,16.355
[H]OC(=O)C([H])([H])C([H])([H])C([H])([H])C([H])([H])C(=O)O[H],146.14200000000002,74.6,2,2,0.716,33.73959999999999
[H]C(=O)C([H])([H])C([H])([H])C([H])([H])[H],72.107,17.07,0,1,0.9854,20.971999999999994
[H]OC([H])([H])C([H])([H])C([H])([H])C([H])([H])[H],74.123,20.23,1,1,0.7787999999999999,21.993799999999993
[H]OC(=O)C([H])([H])C([H])([H])C([H])([H])[H],88.10600000000001,37.3,1,1,0.8711,22.54379999999999
[H]Oc1c([H])c([H])c([H])c([H])c1C([H])([H])[H],108.13999999999999,20.23,1,1,1.70062,32.84379999999999
[H]C([H])([H])C([H])([H])C([H])([H])C([H])([H])C([H])([H])C([H])([H])C([H])([H])C([H])([H])[H],114.232,0.0,0,0,3.3668000000000022,39.05
[H]C(=O)C([H])([H])C([H])([H])[H],58.08,17.07,0,1,0.5952999999999999,16.355
[H]N(C([H])([H])[H])C([H])([H])[H],45.085,12.03,1,1,-0.1644000000000001,14.983700000000002
[H]OC([H])([H])C([H])([H])N([H])[H],61.083999999999996,46.25,2,2,-1.0626000000000002,16.140200000000004
[H]OC([H])([H])C([H])(O[H])C([H])([H])O[H],92.09400000000001,60.69,3,3,-1.6681000000000001,20.1784
[H]OC([H])([H])[H],32.042,20.23,1,1,-0.39149999999999996,8.142800000000001
[H]OC(=O)C(=O)O[H],90.03399999999999,74.6,2,2,-0.8443999999999998,15.2716
[H]OC(=O)c1c([H])c([H])c([H])c([H])c1C(=O)O[H],166.13199999999998,74.6,2,2,1.083,40.360600000000005
[H]OC(=O)C([H])([H])C([H])([H])[H],74.07900000000001,37.3,1,1,0.48100000000000004,17.9268
[H]C([H])([H])N(C([H])([H])[H])C([H])([H])[H],59.111999999999995,3.24,0,1,0.17779999999999996,19.610999999999997
[H]Oc1c([H])c([H])c(C([H])([H])C([H])([H])C([H])([H])C([H])([H])C([H])([H])C([H])([H])C([H])([H])C([H])([H])C([H])([H])[H])c([H])c1[H],220.35599999999997,20.23,1,1,4.685300000000003,69.80380000000005
[H]OC(=O)C1(OC([H])([H])[H])OC([H])(C([H])(O[H])C([H])(O[H])C([H])([H])O[H])C([H])(N([H])C(=O)C([H])([H])[H])C([H])(OC(=O)C([H])([H])[H])C1([H])[H],365.3350000000002,171.85,5,9,-2.6468999999999943,79.12390000000003
[H]Oc1c([H])c([H])c(C([H])([H])[H])c([H])c1[H],108.13999999999999,20.23,1,1,1.70062,32.843799999999995
[H]C([H])(Br)Br,173.83499999999998,0.0,0,0,1.7337,22.720999999999997
[H]c1c([H])c([H])c(C(=O)OC([H])([H])C([H])([H])C([H])([H])C([H])([H])[H])c(C(=O)OC([H])([H])C([H])([H])C([H])([H])C([H])([H])[H])c1[H],278.34799999999996,52.60000000000001,0,4,3.6004000000000023,76.82300000000005
[H]C([H])([H])C([H])([H])OC([H])([H])C([H])([H])[H],74.123,9.23,0,1,1.0428000000000002,22.166999999999994
[H]OC(=O)C(=C([H])[H])C([H])([H])[H],86.09,37.3,1,1,0.6471,22.449799999999993
[H]Oc1c([H])c([H])c(Cl)c([H])c1[H],128.558,20.23,1,1,2.0456,33.1168
[H]c1c([H])c(S(=O)(=O)C([H])([H])C([H])([H])[H])c([H])c(C(=O)N([H])C([H])([H])C2([H])N(C([H])([H])C([H])([H])[H])C([H])([H])C([H])([H])C2([H])[H])c1OC([H])([H])[H],354.4720000000002,75.71000000000001,1,5,1.7028999999999999,93.32300000000006
[H]OC([H])([H])[C@]([H])(O[H])[C@@]([H])(O[H])[C@]([H])(O[H])[C@]([H])(O[H])C([H])([H])O[H],182.172,121.38000000000001,6,6,-3.5854000000000004,38.198800000000006
[H]OC(=O)C([H])([H])N(C([H])([H])C(=O)O[H])C([H])([H])C([H])([H])N(C([H])([H])C(=O)O[H])C([H])([H])C(=O)O[H],292.24399999999997,155.68,4,6,-2.0711999999999957,63.423200000000016
CC(=O)[O-].CC(=O)[O-].[Ca+2],158.166,80.25999999999999,0,4,-2.8683999999999985,27.115999999999993
COC(=O)[C@H]1[C@H](CC[C@@H]2[C@@H]1C[C@H]3C4=C(CCN3C2)C5=CC=CC=C5N4)O.Cl,390.911,65.56,2,4,3.068900000000002,105.90850000000005
[H]C([H])([H])C([H])([H])[H],30.07,0.0,0,0,1.0262,11.348000000000003
[H]C#C[H],26.037999999999997,0.0,0,0,0.24939999999999998,9.89
[H]N([H])C([H])([H])[H],31.058,26.02,1,1,-0.42510000000000003,10.111400000000001
[H]C([H])([H])C([H])([H])C([H])([H])[H],44.096999999999994,0.0,0,0,1.4163,15.965000000000003
[H]N([H])C([H])([H])C([H])([H])[H],45.084999999999994,26.02,1,1,-0.03499999999999992,14.728400000000002
[H]N=C=O,43.025,40.92,1,2,-0.09903,8.4132
S=C=S,76.14500000000001,0.0,0,2,1.0181,20.189
[H]N([H])C([H])(C([H])([H])[H])C([H])([H])[H],59.111999999999995,26.02,1,1,0.3534999999999999,19.323399999999996
[H]SC([H])(C([H])([H])[H])C([H])([H])[H],76.164,0.0,1,1,1.3246,24.12199999999999
O=C(Cl)Cl,98.916,17.07,0,1,1.584,17.101999999999997
[H]N([H])C(C([H])([H])[H])(C([H])([H])[H])C([H])([H])[H],73.139,26.02,1,1,0.7435999999999998,23.94039999999999
[H]C([H])([H])C([H])([H])C(C([H])([H])[H])(C([H])([H])[H])C([H])([H])[H],86.17799999999998,0.0,0,0,2.442500000000001,29.74599999999998
[H]OC(C#N)(C([H])([H])[H])C([H])([H])[H],85.106,44.019999999999996,1,2,0.28087999999999996,21.91079999999999
[H]OC([H])([H])C(C([H])([H])O[H])(C([H])([H])O[H])C([H])([H])C([H])([H])[H],134.17499999999998,60.69,3,3,-0.6403000000000005,33.981399999999994
[H]C([H])([H])C([H])([H])OP(=O)(OC([H])([H])C([H])([H])[H])OC([H])([H])C([H])([H])[H],182.15599999999998,44.760000000000005,0,4,2.2039999999999997,42.48450000000001
[H]C([H])([H])C([H])([H])C([H])(C([H])([H])[H])C([H])([H])[H],72.151,0.0,0,0,2.0524,25.12899999999999
[H]OC([H])([H])C([H])(C([H])([H])[H])C([H])([H])[H],74.123,20.23,1,1,0.6347,21.923799999999993
[H]OC([H])(C([H])([H])[H])C([H])([H])C([H])([H])[H],74.123,20.23,1,1,0.7772,21.971799999999995
[H]C([H])([H])C(=O)C([H])([H])C([H])([H])[H],72.107,17.07,0,1,0.9854,20.971999999999994
[H]C([H])([H])OC(=O)C([H])([H])[H],74.07900000000001,26.3,0,2,0.1792999999999999,17.689999999999998
[H]OOC(c1c([H])c([H])c([H])c([H])c1[H])(C([H])([H])[H])C([H])([H])[H],152.19299999999996,29.46,1,2,2.4113000000000007,43.181800000000024
[H]Oc1c([N+](=O)[O-])c([H])c([N+](=O)[O-])c(O[H])c1[N+](=O)[O-],245.10299999999998,169.88000000000002,2,8,0.8223999999999998,49.73480000000001
[H]c1c([H])c([H])c(C(=O)OC([H])([H])C([H])(C([H])([H])[H])C([H])([H])[H])c(C(=O)OC([H])([H])C([H])(C([H])([H])[H])C([H])([H])[H])c1[H],278.34799999999996,52.60000000000001,0,4,3.3122000000000016,76.68300000000005
[H]OC(=O)c1c([H])c([H])c2c([H])c([H])c([H])c([H])c2c1O[H],188.182,57.53,2,2,2.2436000000000003,52.57210000000002
[H]Oc1c(Cl)c([H])c([H])c([H])c1Cl,163.003,20.23,1,1,2.699,38.12680000000001
[H]c1c([H])c(C([H])([H])[H])c([N+](=O)[O-])c([H])c1Cl,171.58299999999997,43.14,0,2,2.5566200000000006,42.84340000000002
[H]C1=C([H])C([H])([H])c2c([H])c([H])c([H])c([H])c21,116.16299999999995,0.0,0,0,2.2559000000000005,39.180000000000014
[H]c1c([H])c([H])c(C([H])([H])[H])c(C([H])([H])[H])c1[H],106.16799999999998,0.0,0,0,2.30344,35.916
[H]c1c([H])c([H])c(C([H])([H])[H])c(Cl)c1[H],126.58599999999998,0.0,0,0,2.6484200000000007,36.189
[H]c1c([H])c([H])c(C([H])([H])[H])c(F)c1[H],110.13099999999999,0.0,0,0,2.1341200000000002,31.136999999999993
[H]Oc1c([H])c([H])c([H])c([H])c1Cl,128.558,20.23,1,1,2.0456000000000003,33.1168
[H]C([H])([H])C([H])([H])C([H])(C([H])([H])[H])C([H])([H])C([H])([H])[H],86.178,0.0,0,0,2.442500000000001,29.74599999999998
[H]C(=O)C([H])(C([H])([H])[H])C([H])([H])C([H])([H])[H],86.134,17.07,0,1,1.2314,25.518999999999988
[H]C([H])([H])C([H])(C(=O)OC([H])([H])C([H])(C([H])([H])[H])C([H])([H])[H])C([H])([H])[H],144.21399999999997,26.3,0,2,1.8416000000000001,40.635000000000005
[H]OC(=O)c1c([H])c([H])c(C(=O)O[H])c([H])c1[H],166.132,74.6,2,2,1.083,40.360600000000005
[H]c1c([H])c([H])c(C([H])([H])N([H])[H])c([H])c1[H],107.15599999999999,26.02,1,1,1.1453,34.333400000000005
[H]c1c([H])c([H])c(C#N)c([H])c1[H],103.12399999999998,23.79,0,1,1.5582799999999999,31.157
[H]c1c([H])c([H])c(OC([H])([H])[H])c([H])c1[H],108.13999999999997,9.23,0,1,1.6951999999999998,32.99399999999999
[H]c1c([H])c([H])c(SC([H])([H])[H])c([H])c1[H],124.20799999999997,0.0,0,1,2.4085,38.22300000000001
[H]c1c([H])c([H])c(N=C(N([H])c2c([H])c([H])c([H])c([H])c2[H])N([H])c2c([H])c([H])c([H])c([H])c2[H])c([H])c1[H],287.36600000000004,36.42,2,1,4.8983000000000025,93.66640000000002
[H]C([H])([H])C([H])([H])OC([H])(OC([H])([H])C([H])([H])[H])C([H])([H])C([H])(OC([H])([H])C([H])([H])[H])C([H])([H])C([H])([H])C([H])([H])[H],218.33699999999996,27.69,0,3,2.9808000000000012,61.979000000000056
[H]c1c([H])c(OC([H])([H])C([H])([H])[H])c([H])c([H])c1N=C(N([H])c1c([H])c([H])c(OC([H])([H])C([H])([H])[H])c([H])c1[H])C([H])([H])[H],298.38599999999997,42.849999999999994,1,3,4.6460000000000035,91.61370000000005
[H]c1c([H])c([H])c(N([H])C(=O)OC([H])([H])C([H])([H])[H])c([H])c1[H],165.192,38.33,1,2,2.255,47.08670000000002
[H]C(=O)C([H])([H])OC([H])(C([H])([H])C([H])=C(C([H])([H])[H])C([H])([H])[H])C([H])([H])C([H])(C([H])([H])[H])C([H])([H])[H],198.30599999999995,26.3,0,2,2.972900000000002,59.307000000000045
[H]C([H])([H])C([H])([H])C([H])([H])OC(=O)C([H])([H])C([H])([H])C([H])([H])[H],130.18699999999998,26.3,0,2,1.7397,36.157999999999994
[H]c1c([H])c(C([H])([H])[H])c([H])c([H])c1C([H])([H])[H],106.16799999999996,0.0,0,0,2.30344,35.916
[H]C([H])([H])C([H])([H])C([H])([H])C([H])([H])[H],58.123999999999995,0.0,0,0,1.8064,20.581999999999997
[H]C([H])=C([H])C([H])([H])C([H])([H])[H],56.10799999999999,0.0,0,0,1.5824,20.487999999999996
[H]OC([H])([H])C([H])([H])N(C([H])([H])[H])C([H])([H])[H],89.13799999999999,23.47,1,2,-0.4597000000000002,25.639799999999987
[H]C([H])([H])C(=O)OC([H])(C([H])([H])[H])C([H])([H])[H],102.133,26.3,0,2,0.9579,26.901999999999987
[H]C([H])([H])C(=O)OC(=O)C([H])([H])[H],102.089,43.370000000000005,0,3,0.09599999999999997,22.44699999999999
[H]C1=C([H])C(=O)OC1=O,98.05699999999999,43.370000000000005,0,3,-0.3740000000000001,20.238999999999997
[H]c1c([H])c(C([H])([H])[H])c([H])c(C([H])([H])[H])c1[H],106.16799999999996,0.0,0,0,2.30344,35.916
[H]c1c(N([H])[H])c([H])c(C([H])([H])[H])c([H])c1C([H])([H])[H],121.18299999999998,26.02,1,1,1.88564,40.328400000000016
[H]c1c(Cl)c([H])c(Cl)c([H])c1Cl,181.449,0.0,0,0,3.6468000000000007,41.47200000000001
[H]OC1([H])C([H])([H])C([H])([H])C([H])([H])C([H])([H])C1([H])[H],100.161,20.23,1,1,1.3114,29.091799999999985
[H]C([H])([H])C(=O)OC([H])([H])C([H])([H])C([H])([H])[H],102.13300000000001,26.3,0,2,0.9595,26.923999999999985
[H]C([H])([H])C([H])([H])C([H])([H])C([H])([H])C([H])([H])[H],72.151,0.0,0,0,2.1965000000000003,25.19899999999999
[H]C([H])=C([H])C([H])([H])C([H])([H])C([H])([H])[H],70.13499999999999,0.0,0,0,1.9725,25.10499999999999
[H]N([H])C([H])([H])C([H])([H])C([H])([H])C([H])([H])[H],73.139,26.02,1,1,0.7452000000000001,23.96239999999999
[H]OC([H])([H])C([H])([H])OC([H])([H])[H],76.095,29.46,1,2,-0.3749,18.961799999999997
[H]C([H])([H])C(=O)OC([H])([H])C([H])(C([H])([H])[H])C([H])([H])[H],116.16,26.3,0,2,1.2055,31.470999999999982
[H]OC([H])([H])C([H])([H])C([H])([H])C([H])([H])O[H],90.122,40.46,2,2,-0.24880000000000008,23.405599999999993
[H]C1([H])C([H])([H])C([H])([H])C([H])([H])C([H])([H])C1([H])[H],84.162,0.0,0,0,2.3406000000000002,27.701999999999984
[H]C1=C([H])C([H])([H])C([H])([H])C([H])([H])C1([H])[H],82.146,0.0,0,0,2.1166,27.607999999999986
[H]C([H])([H])C([H])([H])C([H])([H])C([H])([H])C([H])([H])C([H])([H])C([H])([H])C(=O)Cl,162.66,17.07,0,1,3.112300000000002,44.23600000000002
[H]C([H])([H])OC([H])([H])C([H])([H])C([H])([H])C([H])([H])C([H])([H])OC([H])([H])[H],132.203,18.46,0,2,1.4495000000000002,37.603
[H]OC([H])([H])C([H])([H])OC([H])([H])C([H])([H])OC([H])([H])C([H])([H])[H],134.175,38.69,1,3,0.03179999999999983,34.39779999999999
[H]OC([H])([H])C([H])([H])C([H])([H])C([H])([H])C([H])([H])C([H])([H])C([H])([H])C([H])([H])C([H])([H])C([H])([H])[H],158.285,20.23,1,1,3.1194000000000015,49.69580000000003
[H]C(=O)C([H])([H])C([H])([H])C([H])([H])C([H])([H])C([H])([H])C([H])([H])C([H])([H])C([H])([H])C([H])([H])[H],156.269,17.07,0,1,3.3260000000000023,48.67400000000003
[H]OC(=O)C([H])([H])C([H])([H])C([H])([H])C([H])([H])C([H])([H])C([H])([H])C([H])([H])C([H])([H])C([H])([H])C([H])([H])[H],186.29499999999996,37.3,1,1,3.6018000000000026,54.86280000000005
[H]OC([H])([H])C([H])([H])C([H])([H])C([H])([H])C([H])([H])C([H])([H])C([H])([H])C([H])([H])C([H])([H])C([H])([H])C([H])([H])C([H])([H])[H],186.33899999999997,20.23,1,1,3.899600000000003,58.92980000000006
[H]C([H])([H])C(=O)OC([H])([H])C([H])([H])C([H])([H])C([H])([H])C([H])([H])C([H])([H])C([H])([H])C([H])([H])C([H])([H])C([H])([H])C([H])([H])C([H])([H])[H],228.37599999999992,26.3,0,2,4.470400000000004,68.47700000000006
[H]OC([H])([H])C([H])([H])C([H])([H])C([H])([H])C([H])([H])C([H])([H])C([H])([H])C([H])([H])C([H])([H])C([H])([H])C([H])([H])C([H])([H])C([H])([H])C([H])([H])[H],214.39299999999994,20.23,1,1,4.679800000000005,68.16380000000007
[H]OC([H])([H])C([H])([H])C([H])([H])C([H])([H])C([H])([H])C([H])([H])C([H])([H])C([H])([H])C([H])([H])C([H])([H])C([H])([H])C([H])([H])C([H])([H])C([H])([H])C([H])([H])C([H])([H])C([H])([H])C([H])([H])[H],270.5009999999999,20.23,1,1,6.240200000000007,86.63180000000008
[H]C([H])([H])C([H])([H])C([H])([H])C([H])([H])C([H])([H])C([H])([H])C([H])([H])C([H])([H])C([H])([H])C([H])([H])C([H])([H])C([H])([H])C([H])([H])C([H])([H])C([H])([H])C([H])([H])C([H])([H])C([H])([H])C([H])([H])C([H])([H])[H],282.5559999999999,0.0,0,0,8.048000000000007,94.4540000000001
[H]OC([H])([H])C(C([H])([H])O[H])(C([H])([H])O[H])C([H])([H])O[H],136.147,80.92,4,4,-2.058,30.77619999999999
[H]c1c([H])c([H])c(OP(=O)(Oc2c([H])c([H])c([H])c([H])c2[H])Oc2c([H])c([H])c([H])c([H])c2[H])c([H])c1[H],326.288,44.760000000000005,0,4,5.331500000000004,88.81650000000003
[H]Oc1c([H])c([H])c(C(=O)C([H])([H])N([H])C([H])(C([H])([H])[H])C([H])([H])[H])c([H])c1O[H],209.245,69.56,3,4,1.2785,57.240800000000036
[H]OC(=O)c1c([H])c([H])c([H])c(C(=O)O[H])c1[H],166.13199999999998,74.6,2,2,1.083,40.360600000000005
[H]c1c([H])c([H])c(C(=O)OC([H])([H])[H])c(C(=O)OC([H])([H])[H])c1[H],194.18599999999998,52.60000000000001,0,4,1.2597999999999998,49.12100000000002
[H]C(C(=O)N(C([H])([H])[H])C([H])([H])[H])=C(OP(=O)(OC([H])([H])[H])OC([H])([H])[H])C([H])([H])[H],237.19199999999995,65.07000000000001,0,5,1.3959,55.160500000000035
[H]C([H])([H])C([H])([H])C([H])([H])C([H])([H])C([H])([H])C([H])([H])C([H])([H])[H],100.205,0.0,0,0,2.976700000000002,34.432999999999986
[H]C1([H])C([H])([H])C([H])([H])C([H])([H])C1([H])[H],70.135,0.0,0,0,1.9505000000000001,23.084999999999994
FC(F)(Cl)Br,165.364,0.0,0,0,2.1704,19.727
[H]C([H])([H])C#CC([H])([H])[H],54.092,0.0,0,0,1.0296,19.124
[H]C(=C(C([H])([H])[H])C([H])([H])[H])C([H])([H])[H],70.13499999999999,0.0,0,0,1.9725,25.10499999999999
[H]Oc1c([H])c(C([H])([H])[H])c(C([H])([H])[H])c(C([H])([H])[H])c1[H],136.194,20.23,1,1,2.3174600000000005,42.31780000000002
[H]c1c([H])c([H])c(C(=O)OC([H])([H])C([H])([H])C([H])([H])N2C([H])([H])C([H])([H])C([H])([H])C([H])([H])C2([H])C([H])([H])[H])c([H])c1[H],261.36499999999995,29.54,0,3,3.1079000000000017,76.22750000000005
[H]C([H])([H])C([H])([H])C([H])(Br)C([H])([H])Br,215.91599999999997,0.0,0,0,2.554800000000001,36.800000000000004
CC(=O)[O-].CC(=O)[O-].[Sr+2],205.708,80.25999999999999,0,4,-2.8683999999999985,27.115999999999993
C1=CC=C2C(=C1)C=CC=C2N.Cl,179.64999999999995,26.02,1,1,2.8438000000000003,55.60840000000002
[H]OC([H])(c1c([H])c([H])c([H])c([H])c1[H])C([H])([H])C([H])([H])N1C([H])([H])C([H])([H])C(C(=O)OC([H])([H])C([H])([H])[H])(c2c([H])c([H])c([H])c([H])c2[H])C([H])([H])C1([H])[H],367.4890000000001,49.769999999999996,1,4,3.7070000000000025,106.44580000000005
[H]OC([H])([H])C1=C([H])C([H])([H])[C@]2([H])C([H])([H])C([H])([H])[C@]3([H])[C@]([H])(C([H])([H])C([H])([H])[C@@]4(C([H])([H])[H])[C@@]3([H])C([H])([H])C([H])([H])[C@]4([H])O[H])[C@@]2(C([H])([H])[H])C1([H])[H],304.47400000000005,40.46,2,2,3.918600000000003,88.28560000000006
[H]OC(=O)c1c([H])c([H])c([H])c(C(=O)O[H])c1C(=O)O[H],210.14099999999996,111.89999999999999,3,3,0.7811999999999999,47.3199
[H]OC1([H])C([H])([H])C([H])([H])C([H])([H])C([H])([H])C1([H])C([H])([H])[H],114.18799999999999,20.23,1,1,1.5574,33.63879999999999
[H]N([H])C([H])(C(=O)OC([H])([H])C([H])([H])[H])C([H])([H])SSC([H])([H])C([H])(C(=O)OC([H])([H])C([H])([H])[H])N([H])[H],296.41400000000004,104.64000000000001,2,8,0.14860000000000062,74.13280000000003
[H]OC([H])([H])C([H])(O[H])C([H])([H])C([H])([H])[H],90.12200000000001,40.46,2,2,-0.25039999999999996,23.383599999999994
[H]OC(=O)C([H])(N([H])C(=O)C([H])([H])C([H])([H])N([H])[H])C([H])([H])c1c([H])nc([H])n1C([H])([H])[H],240.26299999999998,110.24000000000001,3,5,-1.119199999999999,60.14990000000002
[H]OC([H])(C([H])([H])C([H])([H])[H])C([H])([H])C([H])([H])C([H])([H])C([H])([H])[H],116.204,20.23,1,1,1.9475,35.822799999999994
[H]c1c([H])c(OC([H])([H])C([H])([H])[H])c([H])c(N([H])C(=O)C([H])([H])[H])c1[H],179.219,38.33,1,2,2.0437,51.914700000000025
[H]C1=C(C([H])([H])[H])C([H])([H])C([H])([H])C([H])([H])C1([H])[H],96.173,0.0,0,0,2.5067000000000004,32.22499999999999
[H]C([H])([H])C(Cl)([N+](=O)[O-])C([H])([H])[H],123.53899999999999,43.14,0,2,1.238,26.926399999999994
[H]OC(=O)C([H])(Br)C([H])([H])Br,231.87099999999998,37.3,1,1,1.2294,34.144800000000004
[H]Oc1c([H])c2c(c(O[H])c1O[H])C(=O)c1c([H])c([H])c([H])c([H])c1C2=O,256.21299999999997,94.82999999999998,3,5,1.5787999999999995,64.74340000000002
[H]c1c([H])c([H])c2c([H])c3c(C([H])([H])[H])c([H])c([H])c([H])c3c([H])c2c1[H],192.261,0.0,0,0,4.301420000000002,66.19100000000002
[H]c1c([H])c([H])c([N+](=O)[O-])c(OC([H])([H])C([H])([H])[H])c1[H],167.164,52.370000000000005,0,3,1.9934999999999998,44.26540000000002
[H]c1c([H])c([H])c(N([H])[H])c(I)c1[H],219.025,26.02,1,1,1.8734,43.571400000000004
[H]c1c([H])c(OC([H])([H])C([H])([H])[H])c([H])c(N([H])[H])c1[H],137.18200000000002,35.25,1,2,1.6674999999999998,42.02340000000001
[H]C([H])([H])C(=O)OC([H])([H])C([H])([H])C([H])([H])C([H])([H])C([H])([H])[H],130.187,26.3,0,2,1.7397,36.157999999999994
[H]c1c([H])c([H])c([N+]([H])([H])C([H])([H])C([H])([H])Br)c([H])c1[H],201.08700000000002,16.61,1,0,1.2764,46.688400000000016
[H]N=C(c1c([H])c([H])c(OC([H])([H])C([H])([H])C([H])([H])C([H])([H])C([H])([H])C([H])([H])[H])c2c([H])c([H])c([H])c([H])c12)N(C([H])([H])C([H])([H])C([H])([H])C([H])([H])[H])C([H])([H])C([H])([H])C([H])([H])C([H])([H])[H],382.59200000000027,36.32,1,2,7.026470000000007,121.80270000000009
CC(C)[Hg]C(C)C,286.76800000000003,0.0,0,0,2.725500000000001,30.19599999999998
[H]c1c([H])c([H])c(-c2c([H])c([H])c([H])c(-c3c([H])c([H])c([H])c(-c4c([H])c([H])c([H])c([H])c4[H])c3[H])c2[H])c([H])c1[H],306.408,0.0,0,0,6.687600000000005,102.75000000000003
[H]C(=O)C([H])=C(c1c([H])c([H])c([H])c([H])c1[H])C([H])([H])[H],146.18899999999996,17.07,0,1,2.2888,46.157000000000025
[H]c1c([H])c(C([H])([H])N2C([H])([H])C3([H])C([H])([H])C([H])([H])C(C([H])([H])[H])(C2([H])[H])C3(C([H])([H])[H])C([H])([H])[H])c([H])c([H])c1N([H])[H],258.409,29.259999999999998,1,2,3.526900000000002,80.74340000000005
[H]c1c([H])c([H])c(C([H])([H])N(C([H])([H])[H])C([H])([H])C([H])([H])C([H])(C#N)c2c([H])c([H])c([H])c3c([H])c([H])c([H])c([H])c23)c([H])c1[H],314.4320000000001,27.03,0,2,4.969080000000004,99.69500000000005
O[Si](O)(O)O,96.11399999999999,80.92,4,4,-2.6088,14.629199999999999
CCCCCCCCCCCCCCCCCC(=O)[O-].CCCCCCCCCCCCCCCCCC(=O)[O-].[Ca+2],607.0300000000005,80.25999999999999,0,4,9.614799999999999,174.85999999999953
[H]C1([H])C([H])([H])C([H])([H])C([H])(C2([H])C([H])([H])C([H])([H])C([H])([H])C2([H])[H])C1([H])[H],138.254,0.0,0,0,3.3668000000000022,43.91600000000002
[H]OC([H])([H])C1([H])OC([H])(c2c([H])c([H])c([H])c([H])c2[H])OC1([H])[H],180.20299999999997,38.69,1,3,1.0929,47.09380000000004
[H]c1c([H])c(N(C([H])([H])C([H])([H])I)C([H])([H])C([H])([H])I)c([H])c([H])c1N([H])C(=O)C([H])([H])[H],458.0810000000001,32.34,1,2,3.3214000000000015,90.73270000000004
[H]N([H])C([H])([H])C([H])([H])C([H])([H])C([H])([H])C([H])([H])C([H])([H])N([H])[H],116.20800000000001,52.04,2,2,0.46420000000000006,36.57679999999999
[H]c1c(OC(=O)N([H])C([H])([H])[H])c([H])c(C([H])([H])[H])c(S(=O)(=O)C([H])([H])[H])c1C([H])([H])[H],257.3109999999999,72.47,1,4,1.42514,64.10950000000003
CCC[Hg]Cl,279.132,0.0,0,0,2.051,20.950999999999993
[H]c1c([H])c([H])c(-c2c([H])c([H])c3nc4c([H])c([H])c([H])c([H])c4c(N([H])[H])c3c2[H])c([H])c1[H],270.335,38.91,1,2,4.637200000000003,89.09740000000001
CC(=O)O.C(C(C(C(C(C=O)O)O)O)O)O,240.208,155.51999999999998,6,7,-3.2878999999999983,50.48680000000003
[H]OC(C([H])([H])[H])(C([H])([H])[H])C([H])([H])C(=O)C([H])([H])[H],116.15999999999998,37.3,1,2,0.7363999999999999,31.595799999999983
[H]C([H])([H])C(=O)OC([H])([H])C([H])([H])C([H])([H])C([H])([H])[H],116.16000000000001,26.3,0,2,1.3496000000000001,31.540999999999983
[H]c1c([H])c([H])c(C(=O)OC([H])([H])C([H])([H])C([H])([H])C([H])([H])C([H])([H])C([H])(C([H])([H])[H])C([H])([H])[H])c(C(=O)OC([H])([H])C([H])([H])C([H])([H])C([H])([H])C([H])([H])C([H])(C([H])([H])[H])C([H])([H])[H])c1[H],390.56400000000025,52.60000000000001,0,4,6.433000000000008,113.61900000000009
[H]c1c([H])c(C(=O)Cl)c(Cl)c([H])c1Cl,209.459,17.07,0,1,3.3724000000000007,46.64550000000001
[H]c1c([H])c([H])c2c([H])c3c(c([H])c2c1[H])c1c([H])c2c([H])c([H])c([H])c([H])c2c([H])c1c1c([H])c2c([H])c([H])c([H])c([H])c2c([H])c31,378.4740000000001,0.0,0,0,8.6058,131.47799999999998
[H]Oc1c([H])c([H])c(Oc2c([H])c([H])c(O[H])c(C(=O)OC([H])([H])[H])c2[H])c([H])c1C(=O)OC([H])([H])[H],318.28100000000006,102.29,2,7,2.4633000000000003,78.96660000000003
[H]c1c(OC([H])([H])[H])c(OC([H])([H])[H])c(OC([H])([H])[H])c2c1C([H])([H])[C@@]([H])(C([H])([H])[H])[C@@]([H])(C([H])([H])[H])[C@@]([H])(OC(=O)C([H])([H])[H])c1c([H])c3c(c(OC([H])([H])[H])c1-2)OC([H])([H])O3,458.5070000000003,81.68,0,8,4.5492000000000035,120.74800000000005
[H]C([H])([H])C(=O)O,60.05200000000001,37.3,1,1,0.09089999999999993,13.309800000000001
[H]C([H])([H])C(=O)O,60.05200000000001,37.3,1,1,0.09089999999999993,13.309800000000001
[H]OP(=O)(OC([H])([H])C([H])([H])C([H])([H])C([H])([H])C([H])([H])C([H])(C([H])([H])[H])C([H])([H])[H])OC([H])([H])C([H])([H])C([H])(C([H])([H])[H])C([H])([H])[H],280.34499999999997,55.760000000000005,1,3,4.382500000000004,74.49030000000006
O=P(O)(O)OP(=O)(O)O,177.973,124.29000000000002,4,3,-0.8116000000000001,25.17319999999999
[H]C(=O)O,46.025000000000006,37.3,1,1,-0.29919999999999997,8.6928
[H]OC(=O)[C@@]1([H])O[C@@]([H])(Oc2c([H])c([H])c(C3(c4c([H])c([H])c(O[H])c([H])c4[H])OC(=O)c4c([H])c([H])c([H])c([H])c43)c([H])c2[H])[C@]([H])(O[H])[C@@]([H])(O[H])[C@]1([H])O[H],494.45200000000017,162.98000000000002,5,9,1.1254999999999995,121.2335
[H]C([H])([H])C([H])([H])P(C([H])([H])C([H])([H])[H])C([H])([H])C([H])([H])[H],118.16,0.0,0,0,2.5280000000000005,38.543000000000006
[H]C([H])=C([H])[C@]([H])(C(=O)O)[N+]([H])([H])[H],102.11299999999999,64.94,2,1,-1.1324999999999994,24.5089
[H]OC(=O)[C@@]([H])(C([H])=C([H])[H])N([H])[H],101.10500000000002,63.31999999999999,2,2,-0.4156999999999999,25.808199999999996
[H]/C(=C(\[H])C([H])([H])C([H])([H])[H])C([H])([H])[H],70.13499999999999,0.0,0,0,1.9725,25.10499999999999
[H]/C(=C(/[H])C([H])([H])C([H])([H])[H])C([H])([H])[H],70.13499999999999,0.0,0,0,1.9725,25.10499999999999
[H]OC([H])([H])C([H])([H])/C([H])=C(/[H])C([H])([H])C([H])([H])C([H])([H])C([H])([H])[H],128.215,20.23,1,1,2.1151999999999997,40.36780000000001
[N-]=[N+]=N[Hg],242.611,48.760000000000005,0,1,0.7585000000000001,9.146
[H]c1c([H])c([H])c(N([H])[H])c(OC([H])([H])[H])c1[H],123.15499999999999,35.25,1,2,1.2773999999999999,37.406400000000005
[H]c1c([H])c([H])c(C(=O)N([H])[C@]2([H])C(=O)N3C(C(=O)O)=C(C([H])([H])OC(=O)C([H])([H])[H])C([H])([H])SC32[H])c(N=Nc2c([H])c([H])c(N(C([H])([H])[H])C([H])([H])[H])c([H])c2[H])c1[H],523.5710000000003,140.97000000000003,2,9,3.0833000000000013,137.0279999999999
