Table S3. List of predicted non-carcinogenic pollutants from the petrochemical industry.,,,,,,,,
Compound_CID,Name,Molecular_Formula,InChI,SMILES,InChIKey,IUPAC_Name,Molecular_Weight,Probability
196,Adipic Acid,C6H10O4,"InChI=1S/C6H10O4/c7-5(8)3-1-2-4-6(9)10/h1-4H2,(H,7,8)(H,9,10)",C(CCC(=O)O)CC(=O)O,WNLRTRBMVRJNCN-UHFFFAOYSA-N,hexanedioic acid,146.14,0.1572
263,1-Butanol,C4H10O,"InChI=1S/C4H10O/c1-2-3-4-5/h5H,2-4H2,1H3",CCCCO,LRHPLDYGYMQRHN-UHFFFAOYSA-N,butan-1-ol,74.12,0.3285
264,Butyric Acid,C4H8O2,"InChI=1S/C4H8O2/c1-2-3-4(5)6/h2-3H2,1H3,(H,5,6)",CCCC(=O)O,FERIUCNNQQJTOY-UHFFFAOYSA-N,butanoic acid,88.11,0.3244
356,Octane,C8H18,"InChI=1S/C8H18/c1-3-5-7-8-6-4-2/h3-8H2,1-2H3",CCCCCCCC,TVMXDCGIABBOFY-UHFFFAOYSA-N,octane,114.23,0.2971
700,Ethanolamine,C2H7NO,"InChI=1S/C2H7NO/c3-1-2-4/h4H,1-3H2",C(CO)N,HZAXFHJVJLSVMW-UHFFFAOYSA-N,2-aminoethanol,61.08,0.3384
753,Glycerol,C3H8O3,"InChI=1S/C3H8O3/c4-1-3(6)2-5/h3-6H,1-2H2",C(C(CO)O)O,PEDCQBHIVMGVHV-UHFFFAOYSA-N,"propane-1,2,3-triol",92.09,0.2538
971,Oxalic Acid,C2H2O4,"InChI=1S/C2H2O4/c3-1(4)2(5)6/h(H,3,4)(H,5,6)",C(=O)(C(=O)O)O,MUBZPKHOEPUJKR-UHFFFAOYSA-N,oxalic acid,90.03,0.4651
1017,Phthalic Acid,C8H6O4,"InChI=1S/C8H6O4/c9-7(10)5-3-1-2-4-6(5)8(11)12/h1-4H,(H,9,10)(H,11,12)",C1=CC=C(C(=C1)C(=O)O)C(=O)O,XNGIFLGASWRNHJ-UHFFFAOYSA-N,phthalic acid,166.13,0.391
1032,Propionic Acid,C3H6O2,"InChI=1S/C3H6O2/c1-2-3(4)5/h2H2,1H3,(H,4,5)",CCC(=O)O,XBDQKXXYIPTUBI-UHFFFAOYSA-N,propanoic acid,74.08,0.4356
1752,4-Nonylphenol,C15H24O,"InChI=1S/C15H24O/c1-2-3-4-5-6-7-8-9-14-10-12-15(16)13-11-14/h10-13,16H,2-9H2,1H3",CCCCCCCCCC1=CC=C(C=C1)O,IGFHQQFPSIBGKE-UHFFFAOYSA-N,4-nonylphenol,220.35,0.4086
1753,"5-Acetamido-4-acetyloxy-2-methoxy-6-(1,2,3-trihydroxypropyl)oxane-2-carboxylic acid",C14H23NO10,"InChI=1S/C14H23NO10/c1-6(17)15-10-9(24-7(2)18)4-14(23-3,13(21)22)25-12(10)11(20)8(19)5-16/h8-12,16,19-20H,4-5H2,1-3H3,(H,15,17)(H,21,22)",CC(=O)NC1C(CC(OC1C(C(CO)O)O)(C(=O)O)OC)OC(=O)C,LWHOUUJWFGBXPR-UHFFFAOYSA-N,"5-acetamido-4-acetyloxy-2-methoxy-6-(1,2,3-trihydroxypropyl)oxane-2-carboxylic acid",365.33,0.3999
5357,Sultopride,C17H26N2O4S,"InChI=1S/C17H26N2O4S/c1-4-19-10-6-7-13(19)12-18-17(20)15-11-14(24(21,22)5-2)8-9-16(15)23-3/h8-9,11,13H,4-7,10,12H2,1-3H3,(H,18,20)",CCN1CCCC1CNC(=O)C2=C(C=CC(=C2)S(=O)(=O)CC)OC,UNRHXEPDKXPRTM-UHFFFAOYSA-N,N-[(1-ethylpyrrolidin-2-yl)methyl]-5-ethylsulfonyl-2-methoxybenzamide,354.5,0.4762
5780,Sorbitol,C6H14O6,"InChI=1S/C6H14O6/c7-1-3(9)5(11)6(12)4(10)2-8/h3-12H,1-2H2/t3-,4+,5-,6-/m1/s1",C([C@H]([C@H]([C@@H]([C@H](CO)O)O)O)O)O,FBPFZTCFMRRESA-JGWLITMVSA-N,"(2R,3R,4R,5S)-hexane-1,2,3,4,5,6-hexol",182.17,0.121
6049,Ethylenediaminetetraacetic Acid,C10H16N2O8,"InChI=1S/C10H16N2O8/c13-7(14)3-11(4-8(15)16)1-2-12(5-9(17)18)6-10(19)20/h1-6H2,(H,13,14)(H,15,16)(H,17,18)(H,19,20)",C(CN(CC(=O)O)CC(=O)O)N(CC(=O)O)CC(=O)O,KCXVZYZYPLLWCC-UHFFFAOYSA-N,2-[2-[bis(carboxymethyl)amino]ethyl-(carboxymethyl)amino]acetic acid,292.24,0.2971
6116,Calcium Acetate,C4H6CaO4,"InChI=1S/2C2H4O2.Ca/c2*1-2(3)4;/h2*1H3,(H,3,4);/q;;+2/p-2",CC(=O)[O-].CC(=O)[O-].[Ca+2],VSGNNIFQASZAOI-UHFFFAOYSA-L,calcium diacetate,158.17,0.4847
7489,Terephthalic Acid,C8H6O4,"InChI=1S/C8H6O4/c9-7(10)5-1-2-6(4-3-5)8(11)12/h1-4H,(H,9,10)(H,11,12)",C1=CC(=CC=C1C(=O)O)C(=O)O,KKEYFWRCBNTPAC-UHFFFAOYSA-N,terephthalic acid,166.13,0.3998
7902,2-(Dimethylamino)ethanol,C4H11NO,"InChI=1S/C4H11NO/c1-5(2)3-4-6/h6H,3-4H2,1-2H3",CN(C)CCO,UEEJHVSXFDXPFK-UHFFFAOYSA-N,2-(dimethylamino)ethanol,89.14,0.4039
8003,Pentane,C5H12,"InChI=1S/C5H12/c1-3-5-4-2/h3-5H2,1-2H3",CCCCC,OFBQJSOFQDEBGM-UHFFFAOYSA-N,pentane,72.15,0.44
8007,Butylamine,C4H11N,"InChI=1S/C4H11N/c1-2-3-4-5/h2-5H2,1H3",CCCCN,HQABUPZFAYXKJW-UHFFFAOYSA-N,butan-1-amine,73.14,0.2671
8064,"1,4-Butanediol",C4H10O2,"InChI=1S/C4H10O2/c5-3-1-2-4-6/h5-6H,1-4H2",C(CCO)CO,WERYXYBDKMZEQL-UHFFFAOYSA-N,"butane-1,4-diol",90.12,0.4483
8124,Octanoyl chloride,C8H15ClO,"InChI=1S/C8H15ClO/c1-2-3-4-5-6-7-8(9)10/h2-7H2,1H3",CCCCCCCC(=O)Cl,REEZZSHJLXOIHL-UHFFFAOYSA-N,octanoyl chloride,162.66,0.4402
8174,1-Decanol,C10H22O,"InChI=1S/C10H22O/c1-2-3-4-5-6-7-8-9-10-11/h11H,2-10H2,1H3",CCCCCCCCCCO,MWKFXSUHUHTGQN-UHFFFAOYSA-N,decan-1-ol,158.28,0.2318
8175,Decanal,C10H20O,"InChI=1S/C10H20O/c1-2-3-4-5-6-7-8-9-10-11/h10H,2-9H2,1H3",CCCCCCCCCC=O,KSMVZQYAVGTKIV-UHFFFAOYSA-N,decanal,156.26,0.4422
8180,Undecanoic Acid,C11H22O2,"InChI=1S/C11H22O2/c1-2-3-4-5-6-7-8-9-10-11(12)13/h2-10H2,1H3,(H,12,13)",CCCCCCCCCCC(=O)O,ZDPHROOEEOARMN-UHFFFAOYSA-N,undecanoic acid,186.29,0.3827
8193,1-Dodecanol,C12H26O,"InChI=1S/C12H26O/c1-2-3-4-5-6-7-8-9-10-11-12-13/h13H,2-12H2,1H3",CCCCCCCCCCCCO,LQZZUXJYWNFBMV-UHFFFAOYSA-N,dodecan-1-ol,186.33,0.2318
8205,Dodecyl acetate,C14H28O2,"InChI=1S/C14H28O2/c1-3-4-5-6-7-8-9-10-11-12-13-16-14(2)15/h3-13H2,1-2H3",CCCCCCCCCCCCOC(=O)C,VZWGRQBCURJOMT-UHFFFAOYSA-N,dodecyl acetate,228.37,0.4809
8209,1-Tetradecanol,C14H30O,"InChI=1S/C14H30O/c1-2-3-4-5-6-7-8-9-10-11-12-13-14-15/h15H,2-14H2,1H3",CCCCCCCCCCCCCCO,HLZKNKRTKFSKGZ-UHFFFAOYSA-N,tetradecan-1-ol,214.39,0.2318
8221,Stearyl Alcohol,C18H38O,"InChI=1S/C18H38O/c1-2-3-4-5-6-7-8-9-10-11-12-13-14-15-16-17-18-19/h19H,2-18H2,1H3",CCCCCCCCCCCCCCCCCCO,GLDOVTGHNKAZLK-UHFFFAOYSA-N,octadecan-1-ol,270.5,0.2318
8222,Eicosane,C20H42,"InChI=1S/C20H42/c1-3-5-7-9-11-13-15-17-19-20-18-16-14-12-10-8-6-4-2/h3-20H2,1-2H3",CCCCCCCCCCCCCCCCCCCC,CBFCDTFDPHXCNY-UHFFFAOYSA-N,icosane,282.5,0.2994
8465,"1-(3,4-Dihydroxyphenyl)-2-((1-methylethyl)amino)ethanone",C11H15NO3,"InChI=1S/C11H15NO3/c1-7(2)12-6-11(15)8-3-4-9(13)10(14)5-8/h3-5,7,12-14H,6H2,1-2H3",CC(C)NCC(=O)C1=CC(=C(C=C1)O)O,BIQMIYWSZZTXEX-UHFFFAOYSA-N,"1-(3,4-dihydroxyphenyl)-2-(propan-2-ylamino)ethanone",209.24,0.4786
8496,Isophthalic Acid,C8H6O4,"InChI=1S/C8H6O4/c9-7(10)5-2-1-3-6(4-5)8(11)12/h1-4H,(H,9,10)(H,11,12)",C1=CC(=CC(=C1)C(=O)O)C(=O)O,QQVIHTHCMHWDBS-UHFFFAOYSA-N,"benzene-1,3-dicarboxylic acid",166.13,0.3841
8554,Dimethyl Phthalate,C10H10O4,"InChI=1S/C10H10O4/c1-13-9(11)7-5-3-4-6-8(7)10(12)14-2/h3-6H,1-2H3",COC(=O)C1=CC=CC=C1C(=O)OC,NIQCNGHVCWTJSM-UHFFFAOYSA-N,"dimethyl benzene-1,2-dicarboxylate",194.18,0.4622
8900,Heptane,C7H16,"InChI=1S/C7H16/c1-3-5-7-6-4-2/h3-7H2,1-2H3",CCCCCCC,IMNFDUFMRHMDMM-UHFFFAOYSA-N,heptane,100.2,0.2719
11226,Phenoperidine,C23H29NO3,"InChI=1S/C23H29NO3/c1-2-27-22(26)23(20-11-7-4-8-12-20)14-17-24(18-15-23)16-13-21(25)19-9-5-3-6-10-19/h3-12,21,25H,2,13-18H2,1H3",CCOC(=O)C1(CCN(CC1)CCC(C2=CC=CC=C2)O)C3=CC=CC=C3,IPOPQVVNCFQFRK-UHFFFAOYSA-N,ethyl 1-(3-hydroxy-3-phenylpropyl)-4-phenylpiperidine-4-carboxylate,367.5,0.3979
11288,"1,2,3-Benzenetricarboxylic acid",C9H6O6,"InChI=1S/C9H6O6/c10-7(11)4-2-1-3-5(8(12)13)6(4)9(14)15/h1-3H,(H,10,11)(H,12,13)(H,14,15)",C1=CC(=C(C(=C1)C(=O)O)C(=O)O)C(=O)O,UJMDYLWCYJJYMO-UHFFFAOYSA-N,"benzene-1,2,3-tricarboxylic acid",210.14,0.3757
11418,2-Methylcyclohexanol,C7H14O,"InChI=1S/C7H14O/c1-6-4-2-3-5-7(6)8/h6-8H,2-5H2,1H3",CC1CCCCC1O,NDVWOBYBJYUSMF-UHFFFAOYSA-N,2-methylcyclohexan-1-ol,114.19,0.4301
11429,"1,2-Butanediol",C4H10O2,"InChI=1S/C4H10O2/c1-2-4(6)3-5/h4-6H,2-3H2,1H3",CCC(CO)O,BMRWNKZVCUKKSR-UHFFFAOYSA-N,"butane-1,2-diol",90.12,0.3237
11444,beta-Ala-3-methyl-His,C10H16N4O3,"InChI=1S/C10H16N4O3/c1-14-6-12-5-7(14)4-8(10(16)17)13-9(15)2-3-11/h5-6,8H,2-4,11H2,1H3,(H,13,15)(H,16,17)",CN1C=NC=C1CC(C(=O)O)NC(=O)CCN,MYYIAHXIVFADCU-UHFFFAOYSA-N,2-(3-aminopropanoylamino)-3-(3-methylimidazol-4-yl)propanoic acid,240.26,0.4279
11520,3-Heptanol,C7H16O,"InChI=1S/C7H16O/c1-3-5-6-7(8)4-2/h7-8H,3-6H2,1-2H3",CCCCC(CC)O,RZKSECIXORKHQS-UHFFFAOYSA-N,heptan-3-ol,116.2,0.3259
13986,Bunamidine,C25H38N2O,"InChI=1S/C25H38N2O/c1-4-7-10-13-20-28-24-17-16-23(21-14-11-12-15-22(21)24)25(26)27(18-8-5-2)19-9-6-3/h11-12,14-17,26H,4-10,13,18-20H2,1-3H3",CCCCCCOC1=CC=C(C2=CC=CC=C21)C(=N)N(CCCC)CCCC,FGGFIMIICGZCCJ-UHFFFAOYSA-N,"N,N-dibutyl-4-hexoxynaphthalene-1-carboximidamide",382.6,0.4781
14649,"4-[(1,8,8-Trimethyl-3-azabicyclo[3.2.1]octan-3-yl)methyl]aniline",C17H26N2,"InChI=1S/C17H26N2/c1-16(2)14-8-9-17(16,3)12-19(11-14)10-13-4-6-15(18)7-5-13/h4-7,14H,8-12,18H2,1-3H3",CC1(C2CCC1(CN(C2)CC3=CC=C(C=C3)N)C)C,DMIPPSDWOIHURG-UHFFFAOYSA-N,"4-[(1,8,8-trimethyl-3-azabicyclo[3.2.1]octan-3-yl)methyl]aniline",258.399,0.4875
16402,Hexamethylenediamine,C6H16N2,InChI=1S/C6H16N2/c7-5-3-1-2-4-6-8/h1-8H2,C(CCCN)CCN,NAQMVNRVTILPCV-UHFFFAOYSA-N,"hexane-1,6-diamine",116.2,0.2884
16589,Methiocarb sulfone,C11H15NO4S,"InChI=1S/C11H15NO4S/c1-7-5-9(16-11(13)12-3)6-8(2)10(7)17(4,14)15/h5-6H,1-4H3,(H,12,13)",CC1=CC(=CC(=C1S(=O)(=O)C)C)OC(=O)NC,RJBJMKAMQIOAML-UHFFFAOYSA-N,"(3,5-dimethyl-4-methylsulfonylphenyl) N-methylcarbamate",257.31,0.4765
24748,Carmellose (JP17/NF/INN),C8H16O8,"InChI=1S/C6H12O6.C2H4O2/c7-1-3(9)5(11)6(12)4(10)2-8;1-2(3)4/h1,3-6,8-12H,2H2;1H3,(H,3,4)",CC(=O)O.C(C(C(C(C(C=O)O)O)O)O)O,VJHCJDRQFCCTHL-UHFFFAOYSA-N,"acetic acid;2,3,4,5,6-pentahydroxyhexanal",240.21,0.2399
157798,Cylindol B,C16H14O7,"InChI=1S/C16H14O7/c1-21-15(19)11-7-9(3-5-13(11)17)23-10-4-6-14(18)12(8-10)16(20)22-2/h3-8,17-18H,1-2H3",COC(=O)C1=C(C=CC(=C1)OC2=CC(=C(C=C2)O)C(=O)OC)O,VSXYXFKPDHKDNT-UHFFFAOYSA-N,methyl 2-hydroxy-5-(4-hydroxy-3-methoxycarbonylphenoxy)benzoate,318.28,0.3665
517046,"Phosphoric acid, isoamyl-isooctyl ester",C13H29O4P,"InChI=1S/C13H29O4P/c1-12(2)8-6-5-7-10-16-18(14,15)17-11-9-13(3)4/h12-13H,5-11H2,1-4H3,(H,14,15)",CC(C)CCCCCOP(=O)(O)OCCC(C)C,RPXNGPMIXAZAKB-UHFFFAOYSA-N,3-methylbutyl 6-methylheptyl hydrogen phosphate,280.34,0.4181
3032634,Phenolphthalein glucuronide,C26H22O10,"InChI=1S/C26H22O10/c27-15-9-5-13(6-10-15)26(18-4-2-1-3-17(18)24(33)36-26)14-7-11-16(12-8-14)34-25-21(30)19(28)20(29)22(35-25)23(31)32/h1-12,19-22,25,27-30H,(H,31,32)/t19-,20-,21+,22-,25+,26?/m0/s1",C1=CC=C2C(=C1)C(=O)OC2(C3=CC=C(C=C3)O)C4=CC=C(C=C4)O[C@H]5[C@@H]([C@H]([C@@H]([C@H](O5)C(=O)O)O)O)O,FXJYOZKDDSONLX-XADSOVDISA-N,"(2S,3S,4S,5R,6S)-3,4,5-trihydroxy-6-[4-[1-(4-hydroxyphenyl)-3-oxo-2-benzofuran-1-yl]phenoxy]oxane-2-carboxylic acid",494.4,0.4598
5364519,"3-Octen-1-ol, (3Z)-",C8H16O,"InChI=1S/C8H16O/c1-2-3-4-5-6-7-8-9/h5-6,9H,2-4,7-8H2,1H3/b6-5-",CCCC/C=C\CCO,YDXQPTHHAPCTPP-WAYWQWQTSA-N,(Z)-oct-3-en-1-ol,128.21,0.3386
23679038,sodium (7R)-3-(acetyloxymethyl)-7-[[2-[[4-(dimethylamino)phenyl]diazenyl]benzoyl]amino]-8-oxo-5-thia-1-azabicyclo[4.2.0]oct-2-ene-2-carboxylate,C25H24N5NaO6S,"InChI=1S/C25H25N5O6S.Na/c1-14(31)36-12-15-13-37-24-20(23(33)30(24)21(15)25(34)35)26-22(32)18-6-4-5-7-19(18)28-27-16-8-10-17(11-9-16)29(2)3;/h4-11,20,24H,12-13H2,1-3H3,(H,26,32)(H,34,35);/q;+1/p-1/t20-,24?;/m1./s1",CC(=O)OCC1=C(N2C([C@@H](C2=O)NC(=O)C3=CC=CC=C3N=NC4=CC=C(C=C4)N(C)C)SC1)C(=O)[O-].[Na+],UQILHFBNTTVUSK-HWFYOASNSA-M,sodium (7R)-3-(acetyloxymethyl)-7-[[2-[[4-(dimethylamino)phenyl]diazenyl]benzoyl]amino]-8-oxo-5-thia-1-azabicyclo[4.2.0]oct-2-ene-2-carboxylate,545.5,0.4915
