Table S4. List of predicted carcinogenic pollutants from the petrochemical industry.,,,,,,,,
Compound_CID,Name,Molecular_Formula,InChI,SMILES,InChIKey,IUPAC_Name,Molecular_Weight,Probability
176,Acetic Acid,C2H4O2,"InChI=1S/C2H4O2/c1-2(3)4/h1H3,(H,3,4)",CC(=O)O,QTBSBXVTEAMEQO-UHFFFAOYSA-N,acetic acid,60.05,0.687
180,Acetone,C3H6O,InChI=1S/C3H6O/c1-3(2)4/h1-2H3,CC(=O)C,CSCPPACGZOOCGX-UHFFFAOYSA-N,propan-2-one,58.08,0.8705
261,Butanal,C4H8O,"InChI=1S/C4H8O/c1-2-3-4-5/h4H,2-3H2,1H3",CCCC=O,ZTQSAGDEMFDKMZ-UHFFFAOYSA-N,butanal,72.11,0.7888
335,O-Cresol,C7H8O,"InChI=1S/C7H8O/c1-6-4-2-3-5-7(6)8/h2-5,8H,1H3",CC1=CC=CC=C1O,QWVGKYWNOKOFNN-UHFFFAOYSA-N,2-methylphenol,108.14,0.6857
527,Propanal,C3H6O,"InChI=1S/C3H6O/c1-2-3-4/h3H,2H2,1H3",CCC=O,NBBJYMSMWIIQGU-UHFFFAOYSA-N,propanal,58.08,0.8804
674,Dimethylamine,C2H7N,"InChI=1S/C2H7N/c1-3-2/h3H,1-2H3",CNC,ROSDSFDQCJNGOL-UHFFFAOYSA-N,N-methylmethanamine,45.08,0.8588
887,Methanol,CH4O,"InChI=1S/CH4O/c1-2/h2H,1H3",CO,OKKJLVBELUTLKV-UHFFFAOYSA-N,methanol,32.042,0.8569
1146,Trimethylamine,C3H9N,InChI=1S/C3H9N/c1-4(2)3/h1-3H3,CN(C)C,GETQZCLCWQTVFV-UHFFFAOYSA-N,"N,N-dimethylmethanamine",59.11,0.8791
2879,P-Cresol,C7H8O,"InChI=1S/C7H8O/c1-6-2-4-7(8)5-3-6/h2-5,8H,1H3",CC1=CC=C(C=C1)O,IWDCLRJOBJJRNH-UHFFFAOYSA-N,4-methylphenol,108.14,0.8551
3024,Dibromomethane,CH2Br2,InChI=1S/CH2Br2/c2-1-3/h1H2,C(Br)Br,FJBFPHVGVWTDIP-UHFFFAOYSA-N,dibromomethane,173.83,0.9013
3026,Dibutyl Phthalate,C16H22O4,"InChI=1S/C16H22O4/c1-3-5-11-19-15(17)13-9-7-8-10-14(13)16(18)20-12-6-4-2/h7-10H,3-6,11-12H2,1-2H3",CCCCOC(=O)C1=CC=CC=C1C(=O)OCCCC,DOIRQSBPFJWKBE-UHFFFAOYSA-N,"dibutyl benzene-1,2-dicarboxylate",278.34,0.7599
3283,Diethyl Ether,C4H10O,"InChI=1S/C4H10O/c1-3-5-4-2/h3-4H2,1-2H3",CCOCC,RTZKZFJDLAIYFH-UHFFFAOYSA-N,ethoxyethane,74.12,0.7852
4093,Methacrylic Acid,C4H6O2,"InChI=1S/C4H6O2/c1-3(2)4(5)6/h1H2,2H3,(H,5,6)",CC(=C)C(=O)O,CERQOIWHTDAKMF-UHFFFAOYSA-N,2-methylprop-2-enoic acid,86.09,0.7383
4684,4-Chlorophenol,C6H5ClO,"InChI=1S/C6H5ClO/c7-5-1-3-6(8)4-2-5/h1-4,8H",C1=CC(=CC=C1O)Cl,WXNZTHHGJRFXKQ-UHFFFAOYSA-N,4-chlorophenol,128.55,0.8269
6169,Yohimbine Hydrochloride,C21H27ClN2O3,"InChI=1S/C21H26N2O3.ClH/c1-26-21(25)19-15-10-17-20-14(13-4-2-3-5-16(13)22-20)8-9-23(17)11-12(15)6-7-18(19)24;/h2-5,12,15,17-19,22,24H,6-11H2,1H3;1H/t12-,15-,17-,18-,19+;/m0./s1",COC(=O)[C@H]1[C@H](CC[C@@H]2[C@@H]1C[C@H]3C4=C(CCN3C2)C5=CC=CC=C5N4)O.Cl,PIPZGJSEDRMUAW-VJDCAHTMSA-N,"methyl (1S,15R,18S,19R,20S)-18-hydroxy-1,3,11,12,14,15,16,17,18,19,20,21-dodecahydroyohimban-19-carboxylate;hydrochloride",390.9,0.5377
6324,Ethane,C2H6,InChI=1S/C2H6/c1-2/h1-2H3,CC,OTMSDBZUPAUEDD-UHFFFAOYSA-N,ethane,30.07,0.9004
6326,Acetylene,C2H2,InChI=1S/C2H2/c1-2/h1-2H,C#C,HSFWRNGVRCDJHI-UHFFFAOYSA-N,acetylene,26.04,0.8851
6329,Methylamine,CH5N,"InChI=1S/CH5N/c1-2/h2H2,1H3",CN,BAVYZALUXZFZLV-UHFFFAOYSA-N,methanamine,31.057,0.8383
6334,Propane,C3H8,"InChI=1S/C3H8/c1-3-2/h3H2,1-2H3",CCC,ATUOYWHBWRKTHZ-UHFFFAOYSA-N,propane,44.1,0.8923
6341,Ethylamine,C2H7N,"InChI=1S/C2H7N/c1-2-3/h2-3H2,1H3",CCN,QUSNBJAOOMFDIB-UHFFFAOYSA-N,ethanamine,45.08,0.7624
6347,Isocyanic acid,CHNO,InChI=1S/CHNO/c2-1-3/h2H,C(=N)=O,OWIKHYCFFJSOEH-UHFFFAOYSA-N,isocyanic acid,43.025,0.8444
6348,Carbon Disulfide,CS2,InChI=1S/CS2/c2-1-3,C(=S)=S,QGJOPFRUJISHPQ-UHFFFAOYSA-N,methanedithione,76.15,0.871
6363,Isopropylamine,C3H9N,"InChI=1S/C3H9N/c1-3(2)4/h3H,4H2,1-2H3",CC(C)N,JJWLVOIRVHMVIS-UHFFFAOYSA-N,propan-2-amine,59.11,0.8131
6364,2-Propanethiol,C3H8S,"InChI=1S/C3H8S/c1-3(2)4/h3-4H,1-2H3",CC(C)S,KJRCEJOSASVSRA-UHFFFAOYSA-N,propane-2-thiol,76.16,0.8378
6371,Phosgene,CCl2O,InChI=1S/CCl2O/c2-1(3)4,C(=O)(Cl)Cl,YGYAWVDWMABLBF-UHFFFAOYSA-N,carbonyl dichloride,98.91,0.8753
6385,Tert-Butylamine,C4H11N,"InChI=1S/C4H11N/c1-4(2,3)5/h5H2,1-3H3",CC(C)(C)N,YBRBMKDOPFTVDT-UHFFFAOYSA-N,2-methylpropan-2-amine,73.14,0.8057
6403,"2,2-Dimethylbutane",C6H14,"InChI=1S/C6H14/c1-5-6(2,3)4/h5H2,1-4H3",CCC(C)(C)C,HNRMPXKDFBEGFZ-UHFFFAOYSA-N,"2,2-dimethylbutane",86.18,0.8311
6406,Acetone Cyanohydrin,C4H7NO,"InChI=1S/C4H7NO/c1-4(2,6)3-5/h6H,1-2H3",CC(C)(C#N)O,MWFMGBPGAXYFAR-UHFFFAOYSA-N,2-hydroxy-2-methylpropanenitrile,85.1,0.7009
6510,Trimethylolpropane,C6H14O3,"InChI=1S/C6H14O3/c1-2-6(3-7,4-8)5-9/h7-9H,2-5H2,1H3",CCC(CO)(CO)CO,ZJCCRDAZUWHFQH-UHFFFAOYSA-N,"2-ethyl-2-(hydroxymethyl)propane-1,3-diol",134.17,0.5586
6535,Triethyl Phosphate,C6H15O4P,"InChI=1S/C6H15O4P/c1-4-8-11(7,9-5-2)10-6-3/h4-6H2,1-3H3",CCOP(=O)(OCC)OCC,DQWPFSLDHJDLRL-UHFFFAOYSA-N,triethyl phosphate,182.15,0.8185
6556,Isopentane,C5H12,"InChI=1S/C5H12/c1-4-5(2)3/h5H,4H2,1-3H3",CCC(C)C,QWTDNUCVQCZILF-UHFFFAOYSA-N,2-methylbutane,72.15,0.8325
6560,Isobutanol,C4H10O,"InChI=1S/C4H10O/c1-4(2)3-5/h4-5H,3H2,1-2H3",CC(C)CO,ZXEKIIBDNHEJCQ-UHFFFAOYSA-N,2-methylpropan-1-ol,74.12,0.6142
6568,(+-)-2-Butanol,C4H10O,"InChI=1S/C4H10O/c1-3-4(2)5/h4-5H,3H2,1-2H3",CCC(C)O,BTANRVKWQNVYAZ-UHFFFAOYSA-N,butan-2-ol,74.12,0.5325
6569,Methyl Ethyl Ketone,C4H8O,"InChI=1S/C4H8O/c1-3-4(2)5/h3H2,1-2H3",CCC(=O)C,ZWEHNKRNPOVVGH-UHFFFAOYSA-N,butan-2-one,72.11,0.8213
6584,Methyl Acetate,C3H6O2,InChI=1S/C3H6O2/c1-3(4)5-2/h1-2H3,CC(=O)OC,KXKVLQRXCPHEJC-UHFFFAOYSA-N,methyl acetate,74.08,0.8118
6629,Cumene Hydroperoxide,C9H12O2,"InChI=1S/C9H12O2/c1-9(2,11-10)8-6-4-3-5-7-8/h3-7,10H,1-2H3",CC(C)(C1=CC=CC=C1)OO,YQHLDYVWEZKEOX-UHFFFAOYSA-N,2-hydroperoxypropan-2-ylbenzene,152.19,0.702
6721,Styphnic acid,C6H3N3O8,"InChI=1S/C6H3N3O8/c10-5-2(7(12)13)1-3(8(14)15)6(11)4(5)9(16)17/h1,10-11H",C1=C(C(=C(C(=C1[N+](=O)[O-])O)[N+](=O)[O-])O)[N+](=O)[O-],IXHMHWIBCIYOAZ-UHFFFAOYSA-N,"2,4,6-trinitrobenzene-1,3-diol",245.1,0.7111
6782,Diisobutyl phthalate,C16H22O4,"InChI=1S/C16H22O4/c1-11(2)9-19-15(17)13-7-5-6-8-14(13)16(18)20-10-12(3)4/h5-8,11-12H,9-10H2,1-4H3",CC(C)COC(=O)C1=CC=CC=C1C(=O)OCC(C)C,MGWAVDBGNNKXQV-UHFFFAOYSA-N,"bis(2-methylpropyl) benzene-1,2-dicarboxylate",278.34,0.5376
6844,1-Hydroxy-2-naphthoic acid,C11H8O3,"InChI=1S/C11H8O3/c12-10-8-4-2-1-3-7(8)5-6-9(10)11(13)14/h1-6,12H,(H,13,14)",C1=CC=C2C(=C1)C=CC(=C2O)C(=O)O,SJJCQDRGABAVBB-UHFFFAOYSA-N,1-hydroxynaphthalene-2-carboxylic acid,188.18,0.5044
6899,"2,6-Dichlorophenol",C6H4Cl2O,"InChI=1S/C6H4Cl2O/c7-4-2-1-3-5(8)6(4)9/h1-3,9H",C1=CC(=C(C(=C1)Cl)O)Cl,HOLHYSJJBXSLMV-UHFFFAOYSA-N,"2,6-dichlorophenol",163,0.7462
6975,"Benzene, 4-chloro-1-methyl-2-nitro-",C7H6ClNO2,"InChI=1S/C7H6ClNO2/c1-5-2-3-6(8)4-7(5)9(10)11/h2-4H,1H3",CC1=C(C=C(C=C1)Cl)[N+](=O)[O-],SQFLFRQWPBEDHM-UHFFFAOYSA-N,4-chloro-1-methyl-2-nitrobenzene,171.58,0.8779
7219,Indene,C9H8,"InChI=1S/C9H8/c1-2-5-9-7-3-6-8(9)4-1/h1-6H,7H2",C1C=CC2=CC=CC=C21,YBYIRNPNPLQARY-UHFFFAOYSA-N,1H-indene,116.16,0.855
7237,O-Xylene,C8H10,"InChI=1S/C8H10/c1-7-5-3-4-6-8(7)2/h3-6H,1-2H3",CC1=CC=CC=C1C,CTQNGGLPUBDAKN-UHFFFAOYSA-N,"1,2-xylene",106.16,0.8966
7238,2-Chlorotoluene,C7H7Cl,"InChI=1S/C7H7Cl/c1-6-4-2-3-5-7(6)8/h2-5H,1H3",CC1=CC=CC=C1Cl,IBSQPLPBRSHTTG-UHFFFAOYSA-N,1-chloro-2-methylbenzene,126.58,0.8459
7241,2-Fluorotoluene,C7H7F,"InChI=1S/C7H7F/c1-6-4-2-3-5-7(6)8/h2-5H,1H3",CC1=CC=CC=C1F,MMZYCBHLNZVROM-UHFFFAOYSA-N,1-fluoro-2-methylbenzene,110.13,0.8419
7245,2-Chlorophenol,C6H5ClO,"InChI=1S/C6H5ClO/c7-5-3-1-2-4-6(5)8/h1-4,8H",C1=CC=C(C(=C1)O)Cl,ISPYQTSUDJAMAB-UHFFFAOYSA-N,2-chlorophenol,128.55,0.673
7282,3-Methylpentane,C6H14,"InChI=1S/C6H14/c1-4-6(3)5-2/h6H,4-5H2,1-3H3",CCC(C)CC,PFEOZHBOMNWTJB-UHFFFAOYSA-N,3-methylpentane,86.18,0.8182
7284,2-Methylbutanal,C5H10O,"InChI=1S/C5H10O/c1-3-5(2)4-6/h4-5H,3H2,1-2H3",CCC(C)C=O,BYGQBDHUGHBGMD-UHFFFAOYSA-N,2-methylbutanal,86.13,0.8057
7351,Isobutyl isobutyrate,C8H16O2,"InChI=1S/C8H16O2/c1-6(2)5-10-8(9)7(3)4/h6-7H,5H2,1-4H3",CC(C)COC(=O)C(C)C,RXGUIWHIADMCFC-UHFFFAOYSA-N,2-methylpropyl 2-methylpropanoate,144.21,0.6336
7504,Benzylamine,C7H9N,"InChI=1S/C7H9N/c8-6-7-4-2-1-3-5-7/h1-5H,6,8H2",C1=CC=C(C=C1)CN,WGQKYBSKWIADBV-UHFFFAOYSA-N,phenylmethanamine,107.15,0.691
7505,Benzonitrile,C7H5N,InChI=1S/C7H5N/c8-6-7-4-2-1-3-5-7/h1-5H,C1=CC=C(C=C1)C#N,JFDZBHWFFUWGJE-UHFFFAOYSA-N,benzonitrile,103.12,0.7137
7519,Anisole,C7H8O,"InChI=1S/C7H8O/c1-8-7-5-3-2-4-6-7/h2-6H,1H3",COC1=CC=CC=C1,RDOXTESZEPMUJZ-UHFFFAOYSA-N,anisole,108.14,0.8879
7520,Thioanisole,C7H8S,"InChI=1S/C7H8S/c1-8-7-5-3-2-4-6-7/h2-6H,1H3",CSC1=CC=CC=C1,HNKJADCVZUBCPG-UHFFFAOYSA-N,methylsulfanylbenzene,124.21,0.6903
7539,"1,2,3-Triphenylguanidine",C19H17N3,"InChI=1S/C19H17N3/c1-4-10-16(11-5-1)20-19(21-17-12-6-2-7-13-17)22-18-14-8-3-9-15-18/h1-15H,(H2,20,21,22)",C1=CC=C(C=C1)NC(=NC2=CC=CC=C2)NC3=CC=CC=C3,FUPAJKKAHDLPAZ-UHFFFAOYSA-N,"1,2,3-triphenylguanidine",287.4,0.5655
7554,"1,1,3-Triethoxyhexane",C12H26O3,"InChI=1S/C12H26O3/c1-5-9-11(13-6-2)10-12(14-7-3)15-8-4/h11-12H,5-10H2,1-4H3",CCCC(CC(OCC)OCC)OCC,SYPLTTUVUZHTJR-UHFFFAOYSA-N,"1,1,3-triethoxyhexane",218.33,0.6254
7588,Phenacaine,C18H22N2O2,"InChI=1S/C18H22N2O2/c1-4-21-17-10-6-15(7-11-17)19-14(3)20-16-8-12-18(13-9-16)22-5-2/h6-13H,4-5H2,1-3H3,(H,19,20)",CCOC1=CC=C(C=C1)NC(=NC2=CC=C(C=C2)OCC)C,QXDAEKSDNVPFJG-UHFFFAOYSA-N,"N,N'-bis(4-ethoxyphenyl)ethanimidamide",298.4,0.7601
7591,Ethyl N-phenylcarbamate,C9H11NO2,"InChI=1S/C9H11NO2/c1-2-12-9(11)10-8-6-4-3-5-7-8/h3-7H,2H2,1H3,(H,10,11)",CCOC(=O)NC1=CC=CC=C1,LBKPGNUOUPTQKA-UHFFFAOYSA-N,ethyl N-phenylcarbamate,165.19,0.6578
7614,"5-Octen-4-ol, 2,7-dimethyl-, acetate",C12H22O2,"InChI=1S/C12H22O2/c1-10(2)5-6-12(9-11(3)4)14-8-7-13/h5,7,11-12H,6,8-9H2,1-4H3",CC(C)CC(CC=C(C)C)OCC=O,WPZHLSFMGCSZMV-UHFFFAOYSA-N,"2-(2,7-dimethyloct-6-en-4-yloxy)acetaldehyde",198.3,0.6272
7770,Propyl butyrate,C7H14O2,"InChI=1S/C7H14O2/c1-3-5-7(8)9-6-4-2/h3-6H2,1-2H3",CCCC(=O)OCCC,HUAZGNHGCJGYNP-UHFFFAOYSA-N,propyl butanoate,130.18,0.6867
7809,P-Xylene,C8H10,"InChI=1S/C8H10/c1-7-3-5-8(2)6-4-7/h3-6H,1-2H3",CC1=CC=C(C=C1)C,URLKBWYHVLBVBO-UHFFFAOYSA-N,"1,4-xylene",106.16,0.8794
7843,Butane,C4H10,"InChI=1S/C4H10/c1-3-4-2/h3-4H2,1-2H3",CCCC,IJDNQMDRQITEOD-UHFFFAOYSA-N,butane,58.12,0.7731
7844,1-Butene,C4H8,"InChI=1S/C4H8/c1-3-4-2/h3H,1,4H2,2H3",CCC=C,VXNZUUAINFGPBY-UHFFFAOYSA-N,but-1-ene,56.11,0.8942
7915,Isopropyl Acetate,C5H10O2,"InChI=1S/C5H10O2/c1-4(2)7-5(3)6/h4H,1-3H3",CC(C)OC(=O)C,JMMWKPVZQRWMSS-UHFFFAOYSA-N,propan-2-yl acetate,102.13,0.7917
7918,Acetic Anhydride,C4H6O3,InChI=1S/C4H6O3/c1-3(5)7-4(2)6/h1-2H3,CC(=O)OC(=O)C,WFDIJRYMOXRFFG-UHFFFAOYSA-N,acetyl acetate,102.09,0.7039
7923,Maleic Anhydride,C4H2O3,InChI=1S/C4H2O3/c5-3-1-2-4(6)7-3/h1-2H,C1=CC(=O)OC1=O,FPYJFEHAWHCUMM-UHFFFAOYSA-N,"furan-2,5-dione",98.06,0.7534
7929,M-Xylene,C8H10,"InChI=1S/C8H10/c1-7-4-3-5-8(2)6-7/h3-6H,1-2H3",CC1=CC(=CC=C1)C,IVSZLXZYQVIEFR-UHFFFAOYSA-N,"1,3-xylene",106.16,0.8072
7949,"3,5-Dimethylaniline",C8H11N,"InChI=1S/C8H11N/c1-6-3-7(2)5-8(9)4-6/h3-5H,9H2,1-2H3",CC1=CC(=CC(=C1)N)C,MKARNSWMMBGSHX-UHFFFAOYSA-N,"3,5-dimethylaniline",121.18,0.7233
7950,"1,3,5-Trichlorobenzene",C6H3Cl3,InChI=1S/C6H3Cl3/c7-4-1-5(8)3-6(9)2-4/h1-3H,C1=C(C=C(C=C1Cl)Cl)Cl,XKEFYDZQGKAQCN-UHFFFAOYSA-N,"1,3,5-trichlorobenzene",181.4,0.7763
7966,Cyclohexanol,C6H12O,"InChI=1S/C6H12O/c7-6-4-2-1-3-5-6/h6-7H,1-5H2",C1CCC(CC1)O,HPXRVTGHNJAIIH-UHFFFAOYSA-N,cyclohexanol,100.16,0.675
7997,Propyl Acetate,C5H10O2,"InChI=1S/C5H10O2/c1-3-4-7-5(2)6/h3-4H2,1-2H3",CCCOC(=O)C,YKYONYBAUNKHLG-UHFFFAOYSA-N,propyl acetate,102.13,0.6618
8004,1-Pentene,C5H10,"InChI=1S/C5H10/c1-3-5-4-2/h3H,1,4-5H2,2H3",CCCC=C,YWAKXRMUMFPDSH-UHFFFAOYSA-N,pent-1-ene,70.13,0.7982
8019,2-Methoxyethanol,C3H8O2,"InChI=1S/C3H8O2/c1-5-3-2-4/h4H,2-3H2,1H3",COCCO,XNWFRZJHXBZDAG-UHFFFAOYSA-N,2-methoxyethanol,76.09,0.6513
8038,Isobutyl Acetate,C6H12O2,"InChI=1S/C6H12O2/c1-5(2)4-8-6(3)7/h5H,4H2,1-3H3",CC(C)COC(=O)C,GJRQTCIYDGXPES-UHFFFAOYSA-N,2-methylpropyl acetate,116.16,0.6929
8078,Cyclohexane,C6H12,InChI=1S/C6H12/c1-2-4-6-5-3-1/h1-6H2,C1CCCCC1,XDTMQSROBMDMFD-UHFFFAOYSA-N,cyclohexane,84.16,0.8267
8079,Cyclohexene,C6H10,"InChI=1S/C6H10/c1-2-4-6-5-3-1/h1-2H,3-6H2",C1CCC=CC1,HGCIXCUEYOPUTN-UHFFFAOYSA-N,cyclohexene,82.14,0.8327
8145,"1,5-Dimethoxypentane",C7H16O2,"InChI=1S/C7H16O2/c1-8-6-4-3-5-7-9-2/h3-7H2,1-2H3",COCCCCCOC,NFCBHIFOKVDBCJ-UHFFFAOYSA-N,"1,5-dimethoxypentane",132.2,0.6163
8146,Diethylene Glycol Monoethyl Ether,C6H14O3,"InChI=1S/C6H14O3/c1-2-8-5-6-9-4-3-7/h7H,2-6H2,1H3",CCOCCOCCO,XXJWXESWEXIICW-UHFFFAOYSA-N,2-(2-ethoxyethoxy)ethanol,134.17,0.5222
8285,Pentaerythritol,C5H12O4,"InChI=1S/C5H12O4/c6-1-5(2-7,3-8)4-9/h6-9H,1-4H2",C(C(CO)(CO)CO)O,WXZMFSXDPGVJKK-UHFFFAOYSA-N,"2,2-bis(hydroxymethyl)propane-1,3-diol",136.15,0.5421
8289,Triphenyl Phosphate,C18H15O4P,"InChI=1S/C18H15O4P/c19-23(20-16-10-4-1-5-11-16,21-17-12-6-2-7-13-17)22-18-14-8-3-9-15-18/h1-15H",C1=CC=C(C=C1)OP(=O)(OC2=CC=CC=C2)OC3=CC=CC=C3,XZZNDPSIHUTMOC-UHFFFAOYSA-N,triphenyl phosphate,326.3,0.6391
8854,"3-Hydroxy-N,N-dimethylcrotonamide dimethyl phosphate",C8H16NO5P,"InChI=1S/C8H16NO5P/c1-7(6-8(10)9(2)3)14-15(11,12-4)13-5/h6H,1-5H3",CC(=CC(=O)N(C)C)OP(=O)(OC)OC,VEENJGZXVHKXNB-UHFFFAOYSA-N,[4-(dimethylamino)-4-oxobut-2-en-2-yl] dimethyl phosphate,237.19,0.5516
9253,Cyclopentane,C5H10,InChI=1S/C5H10/c1-2-4-5-3-1/h1-5H2,C1CCCC1,RGSFGYAAUTVSQA-UHFFFAOYSA-N,cyclopentane,70.13,0.848
9625,Bromochlorodifluoromethane,CBrClF2,"InChI=1S/CBrClF2/c2-1(3,4)5",C(F)(F)(Cl)Br,MEXUFEQDCXZEON-UHFFFAOYSA-N,bromo-chloro-difluoromethane,165.36,0.7013
10419,Dimethylacetylene,C4H6,InChI=1S/C4H6/c1-3-4-2/h1-2H3,CC#CC,XNMQEEKYCVKGBD-UHFFFAOYSA-N,but-2-yne,54.09,0.8705
10553,2-Methyl-2-butene,C5H10,"InChI=1S/C5H10/c1-4-5(2)3/h4H,1-3H3",CC=C(C)C,BKOOMYPCSUNDGP-UHFFFAOYSA-N,2-methylbut-2-ene,70.13,0.8847
10696,"3,4,5-Trimethylphenol",C9H12O,"InChI=1S/C9H12O/c1-6-4-9(10)5-7(2)8(6)3/h4-5,10H,1-3H3",CC1=CC(=CC(=C1C)C)O,FDQQNNZKEJIHMS-UHFFFAOYSA-N,"3,4,5-trimethylphenol",136.19,0.7202
10782,Piperocaine,C16H23NO2,"InChI=1S/C16H23NO2/c1-14-8-5-6-11-17(14)12-7-13-19-16(18)15-9-3-2-4-10-15/h2-4,9-10,14H,5-8,11-13H2,1H3",CC1CCCCN1CCCOC(=O)C2=CC=CC=C2,YQKAVWCGQQXBGW-UHFFFAOYSA-N,3-(2-methylpiperidin-1-yl)propyl benzoate,261.36,0.5269
10792,"1,2-Dibromobutane",C4H8Br2,"InChI=1S/C4H8Br2/c1-2-4(6)3-5/h4H,2-3H2,1H3",CCC(CBr)Br,CZWSZZHGSNZRMW-UHFFFAOYSA-N,"1,2-dibromobutane",215.91,0.8615
10987,Strontium acetate,C4H6O4Sr,"InChI=1S/2C2H4O2.Sr/c2*1-2(3)4;/h2*1H3,(H,3,4);/q;;+2/p-2",CC(=O)[O-].CC(=O)[O-].[Sr+2],RXSHXLOMRZJCLB-UHFFFAOYSA-L,strontium diacetate,205.71,0.535
11094,"1-Naphthalenamine, hydrochloride (1:1)",C10H10ClN,"InChI=1S/C10H9N.ClH/c11-10-7-3-5-8-4-1-2-6-9(8)10;/h1-7H,11H2;1H",C1=CC=C2C(=C1)C=CC=C2N.Cl,FOKKJVHTXPJHEN-UHFFFAOYSA-N,naphthalen-1-amine;hydrochloride,179.64,0.8523
11275,2-Hydroxymethyl-5-alpha-androst-2-en-17-beta-ol,C20H32O2,"InChI=1S/C20H32O2/c1-19-10-9-17-15(16(19)7-8-18(19)22)6-5-14-4-3-13(12-21)11-20(14,17)2/h3,14-18,21-22H,4-12H2,1-2H3/t14-,15+,16+,17+,18+,19+,20+/m1/s1",C[C@]12CC[C@H]3[C@H]([C@@H]1CC[C@@H]2O)CC[C@@H]4[C@@]3(CC(=CC4)CO)C,BWYWJEOODYEXFU-WDCLZLQXSA-N,"(5S,8R,9S,10S,13S,14S,17S)-2-(hydroxymethyl)-10,13-dimethyl-4,5,6,7,8,9,11,12,14,15,16,17-dodecahydro-1H-cyclopenta[a]phenanthren-17-ol",304.5,0.63
11426,Diethyl cystinate,C10H20N2O4S2,"InChI=1S/C10H20N2O4S2/c1-3-15-9(13)7(11)5-17-18-6-8(12)10(14)16-4-2/h7-8H,3-6,11-12H2,1-2H3",CCOC(=O)C(CSSCC(C(=O)OCC)N)N,CIKFAVCRANPUES-UHFFFAOYSA-N,ethyl 2-amino-3-[(2-amino-3-ethoxy-3-oxopropyl)disulfanyl]propanoate,296.4,0.6054
11570,3'-Ethoxyacetanilide,C10H13NO2,"InChI=1S/C10H13NO2/c1-3-13-10-6-4-5-9(7-10)11-8(2)12/h4-7H,3H2,1-2H3,(H,11,12)",CCOC1=CC=CC(=C1)NC(=O)C,YVTBOWVWYXJHLD-UHFFFAOYSA-N,N-(3-ethoxyphenyl)acetamide,179.22,0.8226
11574,1-Methylcyclohexene,C7H12,"InChI=1S/C7H12/c1-7-5-3-2-4-6-7/h5H,2-4,6H2,1H3",CC1=CCCCC1,CTMHWPIWNRWQEG-UHFFFAOYSA-N,1-methylcyclohexene,96.17,0.7644
11673,2-Chloro-2-nitropropane,C3H6ClNO2,"InChI=1S/C3H6ClNO2/c1-3(2,4)5(6)7/h1-2H3",CC(C)([N+](=O)[O-])Cl,JQYFSFNSNVRUPY-UHFFFAOYSA-N,2-chloro-2-nitropropane,123.54,0.8481
11746,"2,3-Dibromopropionic acid",C3H4Br2O2,"InChI=1S/C3H4Br2O2/c4-1-2(5)3(6)7/h2H,1H2,(H,6,7)",C(C(C(=O)O)Br)Br,ZMYAKSMZTVWUJB-UHFFFAOYSA-N,"2,3-dibromopropanoic acid",231.87,0.7395
11768,Anthragallol,C14H8O5,"InChI=1S/C14H8O5/c15-9-5-8-10(14(19)13(9)18)12(17)7-4-2-1-3-6(7)11(8)16/h1-5,15,18-19H",C1=CC=C2C(=C1)C(=O)C3=CC(=C(C(=C3C2=O)O)O)O,AHKDJQYHVWSRLT-UHFFFAOYSA-N,"1,2,3-trihydroxyanthracene-9,10-dione",256.209,0.7946
11884,1-Methylanthracene,C15H12,"InChI=1S/C15H12/c1-11-5-4-8-14-9-12-6-2-3-7-13(12)10-15(11)14/h2-10H,1H3",CC1=CC=CC2=CC3=CC=CC=C3C=C12,KZNJSFHJUQDYHE-UHFFFAOYSA-N,1-methylanthracene,192.25,0.9046
11889,2-Nitrophenetole,C8H9NO3,"InChI=1S/C8H9NO3/c1-2-12-8-6-4-3-5-7(8)9(10)11/h3-6H,2H2,1H3",CCOC1=CC=CC=C1[N+](=O)[O-],XGLGESCVNJSAQY-UHFFFAOYSA-N,1-ethoxy-2-nitrobenzene,167.16,0.8863
11995,2-Iodoaniline,C6H6IN,"InChI=1S/C6H6IN/c7-5-3-1-2-4-6(5)8/h1-4H,8H2",C1=CC=C(C(=C1)N)I,UBPDKIDWEADHPP-UHFFFAOYSA-N,2-iodoaniline,219.02,0.7568
12120,3-Ethoxyaniline,C8H11NO,"InChI=1S/C8H11NO/c1-2-10-8-5-3-4-7(9)6-8/h3-6H,2,9H2,1H3",CCOC1=CC=CC(=C1)N,WEZAHYDFZNTGKE-UHFFFAOYSA-N,3-ethoxyaniline,137.18,0.8117
12348,Amyl Acetate,C7H14O2,"InChI=1S/C7H14O2/c1-3-4-5-6-9-7(2)8/h3-6H2,1-2H3",CCCCCOC(=O)C,PGMYKACGEOXYJE-UHFFFAOYSA-N,pentyl acetate,130.18,0.5259
13867,N-Phenyl-beta-bromoethylamine hydrobromide,C8H11Br2N,"InChI=1S/C8H10BrN.BrH/c9-6-7-10-8-4-2-1-3-5-8;/h1-5,10H,6-7H2;1H",C1=CC=C(C=C1)[NH2+]CCBr.[Br-],MXNALQRSXHOIEA-UHFFFAOYSA-N,2-bromoethyl(phenyl)azanium bromide,280.99,0.5274
14064,Bis(1-methylethyl)mercury,C6H14Hg,"InChI=1S/2C3H7.Hg/c2*1-3-2;/h2*3H,1-2H3;",CC(C)[Hg]C(C)C,UVUGOJQWNVFTRT-UHFFFAOYSA-N,di(propan-2-yl)mercury,286.77,0.8409
14422,Quaterphenyl,C24H18,InChI=1S/C24H18/c1-3-9-19(10-4-1)21-13-7-15-23(17-21)24-16-8-14-22(18-24)20-11-5-2-6-12-20/h1-18H,C1=CC=C(C=C1)C2=CC(=CC=C2)C3=CC=CC(=C3)C4=CC=CC=C4,OWPJBAYCIXEHFA-UHFFFAOYSA-N,1-phenyl-3-(3-phenylphenyl)benzene,306.4,0.6821
14528,3-Phenyl-2-butenal,C10H10O,"InChI=1S/C10H10O/c1-9(7-8-11)10-5-3-2-4-6-10/h2-8H,1H3",CC(=CC=O)C1=CC=CC=C1,IEARORYJISZKGK-UHFFFAOYSA-N,3-phenylbut-2-enal,146.19,0.5762
14711,"1-Naphthaleneacetonitrile, alpha-(2-(N-benzyl-N-methylamino)ethyl)-",C22H22N2,"InChI=1S/C22H22N2/c1-24(17-18-8-3-2-4-9-18)15-14-20(16-23)22-13-7-11-19-10-5-6-12-21(19)22/h2-13,20H,14-15,17H2,1H3",CN(CCC(C#N)C1=CC=CC2=CC=CC=C21)CC3=CC=CC=C3,BFQMJUKUPCJANE-UHFFFAOYSA-N,4-[benzyl(methyl)amino]-2-naphthalen-1-ylbutanenitrile,314.4,0.5371
14942,Orthosilicic acid,H4O4Si,"InChI=1S/H4O4Si/c1-5(2,3)4/h1-4H",O[Si](O)(O)O,RMAQACBXLXPBSY-UHFFFAOYSA-N,silicic acid,96.11,0.7997
15324,Calcium Stearate,C36H70CaO4,"InChI=1S/2C18H36O2.Ca/c2*1-2-3-4-5-6-7-8-9-10-11-12-13-14-15-16-17-18(19)20;/h2*2-17H2,1H3,(H,19,20);/q;;+2/p-2",CCCCCCCCCCCCCCCCCC(=O)[O-].CCCCCCCCCCCCCCCCCC(=O)[O-].[Ca+2],CJZGTCYPCWQAJB-UHFFFAOYSA-L,calcium bis(octadecanoate),607,0.6528
15417,Dicyclopentyl,C10H18,"InChI=1S/C10H18/c1-2-6-9(5-1)10-7-3-4-8-10/h9-10H,1-8H2",C1CCC(C1)C2CCCC2,MAWOHFOSAIXURX-UHFFFAOYSA-N,cyclopentylcyclopentane,138.25,0.8665
15572,"1,3-Dioxolane-4-methanol, 2-phenyl-",C10H12O3,"InChI=1S/C10H12O3/c11-6-9-7-12-10(13-9)8-4-2-1-3-5-8/h1-5,9-11H,6-7H2",C1C(OC(O1)C2=CC=CC=C2)CO,AUDDNHGBAJNKEH-UHFFFAOYSA-N,"(2-phenyl-1,3-dioxolan-4-yl)methanol",180.2,0.743
16279,"Acetanilide, 4'-bis(2-iodoethyl)amino-",C12H16I2N2O,"InChI=1S/C12H16I2N2O/c1-10(17)15-11-2-4-12(5-3-11)16(8-6-13)9-7-14/h2-5H,6-9H2,1H3,(H,15,17)",CC(=O)NC1=CC=C(C=C1)N(CCI)CCI,HNIFPOLBBBMRDY-UHFFFAOYSA-N,N-[4-[bis(2-iodoethyl)amino]phenyl]acetamide,458.08,0.7376
17115,Chloropropylmercury,C3H7ClHg,"InChI=1S/C3H7.ClH.Hg/c1-3-2;;/h1,3H2,2H3;1H;/q;;+1/p-1",CCC[Hg]Cl,ZLAYJSKLDWSALK-UHFFFAOYSA-M,chloro(propyl)mercury,279.13,0.7224
22231,"Acridine, 9-amino-2-phenyl-",C19H14N2,"InChI=1S/C19H14N2/c20-19-15-8-4-5-9-17(15)21-18-11-10-14(12-16(18)19)13-6-2-1-3-7-13/h1-12H,(H2,20,21)",C1=CC=C(C=C1)C2=CC3=C(C4=CC=CC=C4N=C3C=C2)N,YHGAGMNSWODGFY-UHFFFAOYSA-N,2-phenylacridin-9-amine,270.3,0.6712
31256,Diacetone Alcohol,C6H12O2,"InChI=1S/C6H12O2/c1-5(7)4-6(2,3)8/h8H,4H2,1-3H3",CC(=O)CC(C)(C)O,SWXVUIWOUIDPGS-UHFFFAOYSA-N,4-hydroxy-4-methylpentan-2-one,116.16,0.5659
31272,Butyl Acetate,C6H12O2,"InChI=1S/C6H12O2/c1-3-4-5-8-6(2)7/h3-5H2,1-2H3",CCCCOC(=O)C,DKPFZGUDAPQIHT-UHFFFAOYSA-N,butyl acetate,116.16,0.6686
33934,Diisooctyl phthalate,C24H38O4,"InChI=1S/C24H38O4/c1-19(2)13-7-5-11-17-27-23(25)21-15-9-10-16-22(21)24(26)28-18-12-6-8-14-20(3)4/h9-10,15-16,19-20H,5-8,11-14,17-18H2,1-4H3",CC(C)CCCCCOC(=O)C1=CC=CC=C1C(=O)OCCCCCC(C)C,IJFPVINAQGWBRJ-UHFFFAOYSA-N,"bis(6-methylheptyl) benzene-1,2-dicarboxylate",390.6,0.7897
66645,"2,4-Dichlorobenzoyl chloride",C7H3Cl3O,InChI=1S/C7H3Cl3O/c8-4-1-2-5(7(10)11)6(9)3-4/h1-3H,C1=CC(=C(C=C1Cl)Cl)C(=O)Cl,CEOCVKWBUWKBKA-UHFFFAOYSA-N,"2,4-dichlorobenzoyl chloride",209.5,0.7148
136019,Trinaphthylene,C30H18,InChI=1S/C30H18/c1-2-8-20-14-26-25(13-19(20)7-1)27-15-21-9-3-4-11-23(21)17-29(27)30-18-24-12-6-5-10-22(24)16-28(26)30/h1-18H,C1=CC=C2C=C3C(=CC2=C1)C4=CC5=CC=CC=C5C=C4C6=CC7=CC=CC=C7C=C36,PGXOVVAJURGPLL-UHFFFAOYSA-N,trinaphthylene,378.5,0.9103
171064,Kadsurin,C25H30O8,"InChI=1S/C25H30O8/c1-12-8-15-9-17(27-4)22(28-5)24(29-6)19(15)20-16(21(13(12)2)33-14(3)26)10-18-23(25(20)30-7)32-11-31-18/h9-10,12-13,21H,8,11H2,1-7H3/t12-,13-,21-/m1/s1",C[C@@H]1CC2=CC(=C(C(=C2C3=C(C4=C(C=C3[C@@H]([C@@H]1C)OC(=O)C)OCO4)OC)OC)OC)OC,QUGMSTJBNZWXQS-SQHYZVFZSA-N,"[(9R,10R,11R)-3,4,5,19-tetramethoxy-9,10-dimethyl-15,17-dioxatetracyclo[10.7.0.02,7.014,18]nonadeca-1(19),2,4,6,12,14(18)-hexaen-11-yl] acetate",458.5,0.7238
517044,Potassium Acetate,C2H3KO2,"InChI=1S/C2H4O2.K/c1-2(3)4;/h1H3,(H,3,4);/q;+1/p-1",CC(=O)[O-].[K+],SCVFZCLFOSHCOH-UHFFFAOYSA-M,potassium acetate,98.14,0.687
517045,Sodium Acetate,C2H3NaO2,"InChI=1S/C2H4O2.Na/c1-2(3)4;/h1H3,(H,3,4);/q;+1/p-1",CC(=O)[O-].[Na+],VMHLLURERBWHNL-UHFFFAOYSA-M,sodium acetate,82.03,0.687
517048,CID 517048,Na4O7P2,"InChI=1S/4Na.H4O7P2/c;;;;1-8(2,3)7-9(4,5)6/h;;;;(H2,1,2,3)(H2,4,5,6)/q4*+1;/p-4",[O-]P(=O)([O-])OP(=O)([O-])[O-].[Na+].[Na+].[Na+].[Na+],FQENQNTWSFEDLI-UHFFFAOYSA-J,tetrasodium;phosphonato phosphate,265.9,0.7413
2723810,Sodium Formate,CHNaO2,"InChI=1S/CH2O2.Na/c2-1-3;/h1H,(H,2,3);/q;+1/p-1",C(=O)[O-].[Na+],HLBBKKJFGFRGMU-UHFFFAOYSA-M,sodium formate,68.007,0.7213
3032639,Chloro(triethylphosphine)gold,C6H15AuClP,"InChI=1S/C6H15P.Au.ClH/c1-4-7(5-2)6-3;;/h4-6H2,1-3H3;;1H/q;+1;/p-1",CCP(CC)CC.[Cl-].[Au+],SYBBXLKWGHAVHP-UHFFFAOYSA-M,gold(1+);triethylphosphane;chloride,350.58,0.8247
5287579,(2R)-2-ammoniobut-3-enoate,C4H7NO2,"InChI=1S/C4H7NO2/c1-2-3(5)4(6)7/h2-3H,1,5H2,(H,6,7)/t3-/m1/s1",C=C[C@H](C(=O)[O-])[NH3+],RQVLGLPAZTUBKX-GSVOUGTGSA-N,(2R)-2-azaniumylbut-3-enoate,101.1,0.5821
5287580,"2-Ammoniobut-3-Enoate, 2-Amino-3-Butenoate",C4H7NO2,"InChI=1S/C4H7NO2/c1-2-3(5)4(6)7/h2-3H,1,5H2,(H,6,7)/t3-/m1/s1",C=C[C@H](C(=O)O)N,RQVLGLPAZTUBKX-GSVOUGTGSA-N,(2R)-2-aminobut-3-enoic acid,101.1,0.5999
5326160,cis-2-PENTENE,C5H10,"InChI=1S/C5H10/c1-3-5-4-2/h3,5H,4H2,1-2H3/b5-3-",CC/C=C\C,QMMOXUPEWRXHJS-HYXAFXHYSA-N,(Z)-pent-2-ene,70.13,0.8542
5326161,trans-2-Pentene,C5H10,"InChI=1S/C5H10/c1-3-5-4-2/h3,5H,4H2,1-2H3/b5-3+",CC/C=C/C,QMMOXUPEWRXHJS-HWKANZROSA-N,(E)-pent-2-ene,70.13,0.8542
16683076,Azidomercury,HgN3,InChI=1S/Hg.N3/c;1-3-2/q+1;-1,[N-]=[N+]=N[Hg],NZJRLCPXRZLFGU-UHFFFAOYSA-N,azidomercury,242.61,0.8102
16683082,o-Anisidine antimonyl tartrate,C15H13NO13Sb2-2,"InChI=1S/C7H9NO.2C4H4O6.2Sb/c1-9-7-5-3-2-4-6(7)8;2*5-1(3(7)8)2(6)4(9)10;;/h2-5H,8H2,1H3;2*1-2H,(H,7,8)(H,9,10);;/q;2*-2;2*+3/p-4",COC1=CC=CC=C1N.C12C3C(=O)O[Sb-]4(O3)OC(C5C(=O)O[Sb-](O1)(O5)OC2=O)C(=O)O4,YUPMPOGSJOWVJW-UHFFFAOYSA-J,"2-methoxyaniline;2,7,9,14,15,16,17,18-octaoxa-1,8-distibanuidapentacyclo[10.2.1.11,4.15,8.18,11]octadecane-3,6,10,13-tetrone",658.78,0.9046
