Table S2. List of pollutants associated with the petrochemical industry.,,,,,,,
Compound_CID,Name,Molecular_Formula,InChI,SMILES,InChIKey,IUPAC_Name,Molecular_Weight
1140,Toluene,C7H8,"InChI=1S/C7H8/c1-7-5-3-2-4-6-7/h2-6H,1H3",CC1=CC=CC=C1,YXFVVABEGXRONW-UHFFFAOYSA-N,toluene,92.14
7500,Ethylbenzene,C8H10,"InChI=1S/C8H10/c1-2-8-6-4-3-5-7-8/h3-7H,2H2,1H3",CCC1=CC=CC=C1,YNQLUTRBYVCPMQ-UHFFFAOYSA-N,ethylbenzene,106.16
7237,O-Xylene,C8H10,"InChI=1S/C8H10/c1-7-5-3-4-6-8(7)2/h3-6H,1-2H3",CC1=CC=CC=C1C,CTQNGGLPUBDAKN-UHFFFAOYSA-N,"1,2-xylene",106.16
7929,M-Xylene,C8H10,"InChI=1S/C8H10/c1-7-4-3-5-8(2)6-7/h3-6H,1-2H3",CC1=CC(=CC=C1)C,IVSZLXZYQVIEFR-UHFFFAOYSA-N,"1,3-xylene",106.16
7809,P-Xylene,C8H10,"InChI=1S/C8H10/c1-7-3-5-8(2)6-4-7/h3-6H,1-2H3",CC1=CC=C(C=C1)C,URLKBWYHVLBVBO-UHFFFAOYSA-N,"1,4-xylene",106.16
10696,"3,4,5-Trimethylphenol",C9H12O,"InChI=1S/C9H12O/c1-6-4-9(10)5-7(2)8(6)3/h4-5,10H,1-3H3",CC1=CC(=CC(=C1C)C)O,FDQQNNZKEJIHMS-UHFFFAOYSA-N,"3,4,5-trimethylphenol",136.19
10782,Piperocaine,C16H23NO2,"InChI=1S/C16H23NO2/c1-14-8-5-6-11-17(14)12-7-13-19-16(18)15-9-3-2-4-10-15/h2-4,9-10,14H,5-8,11-13H2,1H3",CC1CCCCN1CCCOC(=O)C2=CC=CC=C2,YQKAVWCGQQXBGW-UHFFFAOYSA-N,3-(2-methylpiperidin-1-yl)propyl benzoate,261.36
7949,"3,5-Dimethylaniline",C8H11N,"InChI=1S/C8H11N/c1-6-3-7(2)5-8(9)4-6/h3-5H,9H2,1-2H3",CC1=CC(=CC(=C1)N)C,MKARNSWMMBGSHX-UHFFFAOYSA-N,"3,5-dimethylaniline",121.18
12348,Amyl Acetate,C7H14O2,"InChI=1S/C7H14O2/c1-3-4-5-6-9-7(2)8/h3-6H2,1-2H3",CCCCCOC(=O)C,PGMYKACGEOXYJE-UHFFFAOYSA-N,pentyl acetate,130.18
7474,1-Chloro-4-nitrobenzene,C6H4ClNO2,InChI=1S/C6H4ClNO2/c7-5-1-3-6(4-2-5)8(9)10/h1-4H,C1=CC(=CC=C1[N+](=O)[O-])Cl,CZGCEKJOLUNIFY-UHFFFAOYSA-N,1-chloro-4-nitrobenzene,157.55
14711,"1-Naphthaleneacetonitrile, alpha-(2-(N-benzyl-N-methylamino)ethyl)-",C22H22N2,"InChI=1S/C22H22N2/c1-24(17-18-8-3-2-4-9-18)15-14-20(16-23)22-13-7-11-19-10-5-6-12-21(19)22/h2-13,20H,14-15,17H2,1H3",CN(CCC(C#N)C1=CC=CC2=CC=CC=C21)CC3=CC=CC=C3,BFQMJUKUPCJANE-UHFFFAOYSA-N,4-[benzyl(methyl)amino]-2-naphthalen-1-ylbutanenitrile,314.4
11889,2-Nitrophenetole,C8H9NO3,"InChI=1S/C8H9NO3/c1-2-12-8-6-4-3-5-7(8)9(10)11/h3-6H,2H2,1H3",CCOC1=CC=CC=C1[N+](=O)[O-],XGLGESCVNJSAQY-UHFFFAOYSA-N,1-ethoxy-2-nitrobenzene,167.16
1753,"5-Acetamido-4-acetyloxy-2-methoxy-6-(1,2,3-trihydroxypropyl)oxane-2-carboxylic acid",C14H23NO10,"InChI=1S/C14H23NO10/c1-6(17)15-10-9(24-7(2)18)4-14(23-3,13(21)22)25-12(10)11(20)8(19)5-16/h8-12,16,19-20H,4-5H2,1-3H3,(H,15,17)(H,21,22)",CC(=O)NC1C(CC(OC1C(C(CO)O)O)(C(=O)O)OC)OC(=O)C,LWHOUUJWFGBXPR-UHFFFAOYSA-N,"5-acetamido-4-acetyloxy-2-methoxy-6-(1,2,3-trihydroxypropyl)oxane-2-carboxylic acid",365.33
1752,4-Nonylphenol,C15H24O,"InChI=1S/C15H24O/c1-2-3-4-5-6-7-8-9-14-10-12-15(16)13-11-14/h10-13,16H,2-9H2,1H3",CCCCCCCCCC1=CC=C(C=C1)O,IGFHQQFPSIBGKE-UHFFFAOYSA-N,4-nonylphenol,220.35
11520,3-Heptanol,C7H16O,"InChI=1S/C7H16O/c1-3-5-6-7(8)4-2/h7-8H,3-6H2,1-2H3",CCCCC(CC)O,RZKSECIXORKHQS-UHFFFAOYSA-N,heptan-3-ol,116.2
23679038,sodium (7R)-3-(acetyloxymethyl)-7-[[2-[[4-(dimethylamino)phenyl]diazenyl]benzoyl]amino]-8-oxo-5-thia-1-azabicyclo[4.2.0]oct-2-ene-2-carboxylate,C25H24N5NaO6S,"InChI=1S/C25H25N5O6S.Na/c1-14(31)36-12-15-13-37-24-20(23(33)30(24)21(15)25(34)35)26-22(32)18-6-4-5-7-19(18)28-27-16-8-10-17(11-9-16)29(2)3;/h4-11,20,24H,12-13H2,1-3H3,(H,26,32)(H,34,35);/q;+1/p-1/t20-,24?;/m1./s1",CC(=O)OCC1=C(N2C([C@@H](C2=O)NC(=O)C3=CC=CC=C3N=NC4=CC=C(C=C4)N(C)C)SC1)C(=O)[O-].[Na+],UQILHFBNTTVUSK-HWFYOASNSA-M,sodium (7R)-3-(acetyloxymethyl)-7-[[2-[[4-(dimethylamino)phenyl]diazenyl]benzoyl]amino]-8-oxo-5-thia-1-azabicyclo[4.2.0]oct-2-ene-2-carboxylate,545.5
7407,Alpha-Methylstyrene,C9H10,"InChI=1S/C9H10/c1-8(2)9-6-4-3-5-7-9/h3-7H,1H2,2H3",CC(=C)C1=CC=CC=C1,XYLMUPLGERFSHI-UHFFFAOYSA-N,prop-1-en-2-ylbenzene,118.18
7554,"1,1,3-Triethoxyhexane",C12H26O3,"InChI=1S/C12H26O3/c1-5-9-11(13-6-2)10-12(14-7-3)15-8-4/h11-12H,5-10H2,1-4H3",CCCC(CC(OCC)OCC)OCC,SYPLTTUVUZHTJR-UHFFFAOYSA-N,"1,1,3-triethoxyhexane",218.33
241,Benzene,C6H6,InChI=1S/C6H6/c1-2-4-6-5-3-1/h1-6H,C1=CC=CC=C1,UHOVQNZJYSORNB-UHFFFAOYSA-N,benzene,78.11
66645,"2,4-Dichlorobenzoyl chloride",C7H3Cl3O,InChI=1S/C7H3Cl3O/c8-4-1-2-5(7(10)11)6(9)3-4/h1-3H,C1=CC(=C(C=C1Cl)Cl)C(=O)Cl,CEOCVKWBUWKBKA-UHFFFAOYSA-N,"2,4-dichlorobenzoyl chloride",209.5
243,Benzoic Acid,C7H6O2,"InChI=1S/C7H6O2/c8-7(9)6-4-2-1-3-5-6/h1-5H,(H,8,9)",C1=CC=C(C=C1)C(=O)O,WPYMKLBDIGXBTP-UHFFFAOYSA-N,benzoic acid,122.12
8425,Chlorophene,C13H11ClO,"InChI=1S/C13H11ClO/c14-12-6-7-13(15)11(9-12)8-10-4-2-1-3-5-10/h1-7,9,15H,8H2",C1=CC=C(C=C1)CC2=C(C=CC(=C2)Cl)O,NCKMMSIFQUPKCK-UHFFFAOYSA-N,2-benzyl-4-chlorophenol,218.68
8343,Di(2-ethylhexyl) phthalate,C24H38O4,"InChI=1S/C24H38O4/c1-5-9-13-19(7-3)17-27-23(25)21-15-11-12-16-22(21)24(26)28-18-20(8-4)14-10-6-2/h11-12,15-16,19-20H,5-10,13-14,17-18H2,1-4H3",CCCCC(CC)COC(=O)C1=CC=CC=C1C(=O)OCC(CC)CCCC,BJQHLKABXJIVAM-UHFFFAOYSA-N,"bis(2-ethylhexyl) benzene-1,2-dicarboxylate",390.6
6623,Bisphenol A,C15H16O2,"InChI=1S/C15H16O2/c1-15(2,11-3-7-13(16)8-4-11)12-5-9-14(17)10-6-12/h3-10,16-17H,1-2H3",CC(C)(C1=CC=C(C=C1)O)C2=CC=C(C=C2)O,IISBACLAFKSPIT-UHFFFAOYSA-N,4-[2-(4-hydroxyphenyl)propan-2-yl]phenol,228.29
931,Naphthalene,C10H8,InChI=1S/C10H8/c1-2-6-10-8-4-3-7-9(10)5-1/h1-8H,C1=CC=C2C=CC=CC2=C1,UFWIBTONFRDIAS-UHFFFAOYSA-N,naphthalene,128.169
995,Phenanthrene,C14H10,InChI=1S/C14H10/c1-3-7-13-11(5-1)9-10-12-6-2-4-8-14(12)13/h1-10H,C1=CC=C2C(=C1)C=CC3=CC=CC=C32,YNPNZTXNASCQKK-UHFFFAOYSA-N,phenanthrene,178.23
8418,Anthracene,C14H10,InChI=1S/C14H10/c1-2-6-12-10-14-8-4-3-7-13(14)9-11(12)5-1/h1-10H,C1=CC=C2C=C3C=CC=CC3=CC2=C1,MWPLVEDNUUSJAV-UHFFFAOYSA-N,anthracene,178.23
9170,Triphenylene,C18H12,InChI=1S/C18H12/c1-2-8-14-13(7-1)15-9-3-4-11-17(15)18-12-6-5-10-16(14)18/h1-12H,C1=CC=C2C(=C1)C3=CC=CC=C3C4=CC=CC=C24,SLGBZMMZGDRARJ-UHFFFAOYSA-N,triphenylene,228.3
9171,Chrysene,C18H12,InChI=1S/C18H12/c1-3-7-15-13(5-1)9-11-18-16-8-4-2-6-14(16)10-12-17(15)18/h1-12H,C1=CC=C2C(=C1)C=CC3=C2C=CC4=CC=CC=C43,WDECIBYCCFPHNR-UHFFFAOYSA-N,chrysene,228.3
9153,Benzo(B)Fluoranthene,C20H12,InChI=1S/C20H12/c1-2-7-14-13(6-1)12-19-16-9-4-3-8-15(16)18-11-5-10-17(14)20(18)19/h1-12H,C1=CC=C2C3=C4C(=CC=C3)C5=CC=CC=C5C4=CC2=C1,FTOVXSOBNPWTSH-UHFFFAOYSA-N,"pentacyclo[10.7.1.02,7.08,20.013,18]icosa-1(19),2(7),3,5,8(20),9,11,13,15,17-decaene",252.3
9145,"Dibenz(a,j)aceanthrylene",C24H14,InChI=1S/C24H14/c1-2-8-17-15(6-1)12-13-21-22(17)14-16-7-5-11-19-18-9-3-4-10-20(18)24(21)23(16)19/h1-14H,C1=CC=C2C(=C1)C=CC3=C2C=C4C=CC=C5C4=C3C6=CC=CC=C65,ZUAGUFSITPHNKC-UHFFFAOYSA-N,"hexacyclo[11.10.1.02,11.05,10.017,24.018,23]tetracosa-1(24),2(11),3,5,7,9,12,14,16,18,20,22-dodecaene",302.4
9176,"Dibenz(a,j)anthracene",C22H14,InChI=1S/C22H14/c1-3-7-19-15(5-1)9-11-17-13-18-12-10-16-6-2-4-8-20(16)22(18)14-21(17)19/h1-14H,C1=CC=C2C(=C1)C=CC3=CC4=C(C=C32)C5=CC=CC=C5C=C4,KLIHYVJAYWCEDM-UHFFFAOYSA-N,"pentacyclo[12.8.0.03,12.04,9.017,22]docosa-1(14),2,4,6,8,10,12,15,17,19,21-undecaene",278.3
2336,Benzo[a]pyrene,C20H12,InChI=1S/C20H12/c1-2-7-17-15(4-1)12-16-9-8-13-5-3-6-14-10-11-18(17)20(16)19(13)14/h1-12H,C1=CC=C2C3=C4C(=CC2=C1)C=CC5=C4C(=CC=C5)C=C3,FMMWHPNWAFZXNH-UHFFFAOYSA-N,benzo[a]pyrene,252.3
335,O-Cresol,C7H8O,"InChI=1S/C7H8O/c1-6-4-2-3-5-7(6)8/h2-5,8H,1H3",CC1=CC=CC=C1O,QWVGKYWNOKOFNN-UHFFFAOYSA-N,2-methylphenol,108.14
11288,"1,2,3-Benzenetricarboxylic acid",C9H6O6,"InChI=1S/C9H6O6/c10-7(11)4-2-1-3-5(8(12)13)6(4)9(14)15/h1-3H,(H,10,11)(H,12,13)(H,14,15)",C1=CC(=C(C(=C1)C(=O)O)C(=O)O)C(=O)O,UJMDYLWCYJJYMO-UHFFFAOYSA-N,"benzene-1,2,3-tricarboxylic acid",210.14
2879,P-Cresol,C7H8O,"InChI=1S/C7H8O/c1-6-2-4-7(8)5-3-6/h2-5,8H,1H3",CC1=CC=C(C=C1)O,IWDCLRJOBJJRNH-UHFFFAOYSA-N,4-methylphenol,108.14
7406,Cumene,C9H12,"InChI=1S/C9H12/c1-8(2)9-6-4-3-5-7-9/h3-8H,1-2H3",CC(C)C1=CC=CC=C1,RWGFKTVRMDUZSP-UHFFFAOYSA-N,cumene,120.19
11768,Anthragallol,C14H8O5,"InChI=1S/C14H8O5/c15-9-5-8-10(14(19)13(9)18)12(17)7-4-2-1-3-6(7)11(8)16/h1-5,15,18-19H",C1=CC=C2C(=C1)C(=O)C3=CC(=C(C(=C3C2=O)O)O)O,AHKDJQYHVWSRLT-UHFFFAOYSA-N,"1,2,3-trihydroxyanthracene-9,10-dione",256.209
3026,Dibutyl Phthalate,C16H22O4,"InChI=1S/C16H22O4/c1-3-5-11-19-15(17)13-9-7-8-10-14(13)16(18)20-12-6-4-2/h7-10H,3-6,11-12H2,1-2H3",CCCCOC(=O)C1=CC=CC=C1C(=O)OCCCC,DOIRQSBPFJWKBE-UHFFFAOYSA-N,"dibutyl benzene-1,2-dicarboxylate",278.34
6782,Diisobutyl phthalate,C16H22O4,"InChI=1S/C16H22O4/c1-11(2)9-19-15(17)13-7-5-6-8-14(13)16(18)20-10-12(3)4/h5-8,11-12H,9-10H2,1-4H3",CC(C)COC(=O)C1=CC=CC=C1C(=O)OCC(C)C,MGWAVDBGNNKXQV-UHFFFAOYSA-N,"bis(2-methylpropyl) benzene-1,2-dicarboxylate",278.34
3024,Dibromomethane,CH2Br2,InChI=1S/CH2Br2/c2-1-3/h1H2,C(Br)Br,FJBFPHVGVWTDIP-UHFFFAOYSA-N,dibromomethane,173.83
33934,Diisooctyl phthalate,C24H38O4,"InChI=1S/C24H38O4/c1-19(2)13-7-5-11-17-27-23(25)21-15-9-10-16-22(21)24(26)28-18-12-6-8-14-20(3)4/h9-10,15-16,19-20H,5-8,11-14,17-18H2,1-4H3",CC(C)CCCCCOC(=O)C1=CC=CC=C1C(=O)OCCCCCC(C)C,IJFPVINAQGWBRJ-UHFFFAOYSA-N,"bis(6-methylheptyl) benzene-1,2-dicarboxylate",390.6
8554,Dimethyl Phthalate,C10H10O4,"InChI=1S/C10H10O4/c1-13-9(11)7-5-3-4-6-8(7)10(12)14-2/h3-6H,1-2H3",COC(=O)C1=CC=CC=C1C(=O)OC,NIQCNGHVCWTJSM-UHFFFAOYSA-N,"dimethyl benzene-1,2-dicarboxylate",194.18
8442,Sulfoxide,C18H28O3S,"InChI=1S/C18H28O3S/c1-3-4-5-6-7-8-11-22(19)15(2)12-16-9-10-17-18(13-16)21-14-20-17/h9-10,13,15H,3-8,11-12,14H2,1-2H3",CCCCCCCCS(=O)C(C)CC1=CC2=C(C=C1)OCO2,ATTZFSUZZUNHBP-UHFFFAOYSA-N,"5-(2-octylsulfinylpropyl)-1,3-benzodioxole",324.5
8461,"2,4-Dinitrotoluene",C7H6N2O4,"InChI=1S/C7H6N2O4/c1-5-2-3-6(8(10)11)4-7(5)9(12)13/h2-4H,1H3",CC1=C(C=C(C=C1)[N+](=O)[O-])[N+](=O)[O-],RMBFBMJGBANMMK-UHFFFAOYSA-N,"1-methyl-2,4-dinitrobenzene",182.13
11746,"2,3-Dibromopropionic acid",C3H4Br2O2,"InChI=1S/C3H4Br2O2/c4-1-2(5)3(6)7/h2H,1H2,(H,6,7)",C(C(C(=O)O)Br)Br,ZMYAKSMZTVWUJB-UHFFFAOYSA-N,"2,3-dibromopropanoic acid",231.87
6721,Styphnic acid,C6H3N3O8,"InChI=1S/C6H3N3O8/c10-5-2(7(12)13)1-3(8(14)15)6(11)4(5)9(16)17/h1,10-11H",C1=C(C(=C(C(=C1[N+](=O)[O-])O)[N+](=O)[O-])O)[N+](=O)[O-],IXHMHWIBCIYOAZ-UHFFFAOYSA-N,"2,4,6-trinitrobenzene-1,3-diol",245.1
6844,1-Hydroxy-2-naphthoic acid,C11H8O3,"InChI=1S/C11H8O3/c12-10-8-4-2-1-3-7(8)5-6-9(10)11(13)14/h1-6,12H,(H,13,14)",C1=CC=C2C(=C1)C=CC(=C2O)C(=O)O,SJJCQDRGABAVBB-UHFFFAOYSA-N,1-hydroxynaphthalene-2-carboxylic acid,188.18
6365,"1,1-Dichloroethane",C2H4Cl2,"InChI=1S/C2H4Cl2/c1-2(3)4/h2H,1H3",CC(Cl)Cl,SCYULBFZEHDVBN-UHFFFAOYSA-N,"1,1-dichloroethane",98.96
7416,Nitrobenzene,C6H5NO2,InChI=1S/C6H5NO2/c8-7(9)6-4-2-1-3-5-6/h1-5H,C1=CC=C(C=C1)[N+](=O)[O-],LQNUZADURLCDLV-UHFFFAOYSA-N,nitrobenzene,123.11
6977,"2,5-Dichloronitrobenzene",C6H3Cl2NO2,InChI=1S/C6H3Cl2NO2/c7-4-1-2-5(8)6(3-4)9(10)11/h1-3H,C1=CC(=C(C=C1Cl)[N+](=O)[O-])Cl,RZKKOBGFCAHLCZ-UHFFFAOYSA-N,"1,4-dichloro-2-nitrobenzene",192
996,Phenol,C6H6O,"InChI=1S/C6H6O/c7-6-4-2-1-3-5-6/h1-5,7H",C1=CC=C(C=C1)O,ISWSIDIOOBJBQZ-UHFFFAOYSA-N,phenol,94.11
1017,Phthalic Acid,C8H6O4,"InChI=1S/C8H6O4/c9-7(10)5-3-1-2-4-6(5)8(11)12/h1-4H,(H,9,10)(H,11,12)",C1=CC=C(C(=C1)C(=O)O)C(=O)O,XNGIFLGASWRNHJ-UHFFFAOYSA-N,phthalic acid,166.13
6811,Phthalic Anhydride,C8H4O3,InChI=1S/C8H4O3/c9-7-5-3-1-2-4-6(5)8(10)11-7/h1-4H,C1=CC=C2C(=C1)C(=O)OC2=O,LGRFSURHDFAFJT-UHFFFAOYSA-N,"2-benzofuran-1,3-dione",148.11
7501,Styrene,C8H8,"InChI=1S/C8H8/c1-2-8-6-4-3-5-7-8/h2-7H,1H2",C=CC1=CC=CC=C1,PPBRXRYQALVLMV-UHFFFAOYSA-N,styrene,104.15
7489,Terephthalic Acid,C8H6O4,"InChI=1S/C8H6O4/c9-7(10)5-1-2-6(4-3-5)8(11)12/h1-4H,(H,9,10)(H,11,12)",C1=CC(=CC=C1C(=O)O)C(=O)O,KKEYFWRCBNTPAC-UHFFFAOYSA-N,terephthalic acid,166.13
14064,Bis(1-methylethyl)mercury,C6H14Hg,"InChI=1S/2C3H7.Hg/c2*1-3-2;/h2*3H,1-2H3;",CC(C)[Hg]C(C)C,UVUGOJQWNVFTRT-UHFFFAOYSA-N,di(propan-2-yl)mercury,286.77
11884,1-Methylanthracene,C15H12,"InChI=1S/C15H12/c1-11-5-4-8-14-9-12-6-2-3-7-13(12)10-15(11)14/h2-10H,1H3",CC1=CC=CC2=CC3=CC=CC=C3C=C12,KZNJSFHJUQDYHE-UHFFFAOYSA-N,1-methylanthracene,192.25
136019,Trinaphthylene,C30H18,InChI=1S/C30H18/c1-2-8-20-14-26-25(13-19(20)7-1)27-15-21-9-3-4-11-23(21)17-29(27)30-18-24-12-6-5-10-22(24)16-28(26)30/h1-18H,C1=CC=C2C=C3C(=CC2=C1)C4=CC5=CC=CC=C5C=C4C6=CC7=CC=CC=C7C=C36,PGXOVVAJURGPLL-UHFFFAOYSA-N,trinaphthylene,378.5
11443,"Toluene 2,4-Diisocyanate",C9H6N2O2,"InChI=1S/C9H6N2O2/c1-7-2-3-8(10-5-12)4-9(7)11-6-13/h2-4H,1H3",CC1=C(C=C(C=C1)N=C=O)N=C=O,DVKJHBMWWAPEIU-UHFFFAOYSA-N,"2,4-diisocyanato-1-methylbenzene",174.16
11444,beta-Ala-3-methyl-His,C10H16N4O3,"InChI=1S/C10H16N4O3/c1-14-6-12-5-7(14)4-8(10(16)17)13-9(15)2-3-11/h5-6,8H,2-4,11H2,1H3,(H,13,15)(H,16,17)",CN1C=NC=C1CC(C(=O)O)NC(=O)CCN,MYYIAHXIVFADCU-UHFFFAOYSA-N,2-(3-aminopropanoylamino)-3-(3-methylimidazol-4-yl)propanoic acid,240.26
10792,"1,2-Dibromobutane",C4H8Br2,"InChI=1S/C4H8Br2/c1-2-4(6)3-5/h4H,2-3H2,1H3",CCC(CBr)Br,CZWSZZHGSNZRMW-UHFFFAOYSA-N,"1,2-dibromobutane",215.91
177,Acetaldehyde,C2H4O,"InChI=1S/C2H4O/c1-2-3/h2H,1H3",CC=O,IKHGUXGNUITLKF-UHFFFAOYSA-N,acetaldehyde,44.05
176,Acetic Acid,C2H4O2,"InChI=1S/C2H4O2/c1-2(3)4/h1H3,(H,3,4)",CC(=O)O,QTBSBXVTEAMEQO-UHFFFAOYSA-N,acetic acid,60.05
6584,Methyl Acetate,C3H6O2,InChI=1S/C3H6O2/c1-3(4)5-2/h1-2H3,CC(=O)OC,KXKVLQRXCPHEJC-UHFFFAOYSA-N,methyl acetate,74.08
8854,"3-Hydroxy-N,N-dimethylcrotonamide dimethyl phosphate",C8H16NO5P,"InChI=1S/C8H16NO5P/c1-7(6-8(10)9(2)3)14-15(11,12-4)13-5/h6H,1-5H3",CC(=CC(=O)N(C)C)OP(=O)(OC)OC,VEENJGZXVHKXNB-UHFFFAOYSA-N,[4-(dimethylamino)-4-oxobut-2-en-2-yl] dimethyl phosphate,237.19
7997,Propyl Acetate,C5H10O2,"InChI=1S/C5H10O2/c1-3-4-7-5(2)6/h3-4H2,1-2H3",CCCOC(=O)C,YKYONYBAUNKHLG-UHFFFAOYSA-N,propyl acetate,102.13
31272,Butyl Acetate,C6H12O2,"InChI=1S/C6H12O2/c1-3-4-5-8-6(2)7/h3-5H2,1-2H3",CCCCOC(=O)C,DKPFZGUDAPQIHT-UHFFFAOYSA-N,butyl acetate,116.16
517045,Sodium Acetate,C2H3NaO2,"InChI=1S/C2H4O2.Na/c1-2(3)4;/h1H3,(H,3,4);/q;+1/p-1",CC(=O)[O-].[Na+],VMHLLURERBWHNL-UHFFFAOYSA-M,sodium acetate,82.03
517044,Potassium Acetate,C2H3KO2,"InChI=1S/C2H4O2.K/c1-2(3)4;/h1H3,(H,3,4);/q;+1/p-1",CC(=O)[O-].[K+],SCVFZCLFOSHCOH-UHFFFAOYSA-M,potassium acetate,98.14
6116,Calcium Acetate,C4H6CaO4,"InChI=1S/2C2H4O2.Ca/c2*1-2(3)4;/h2*1H3,(H,3,4);/q;;+2/p-2",CC(=O)[O-].CC(=O)[O-].[Ca+2],VSGNNIFQASZAOI-UHFFFAOYSA-L,calcium diacetate,158.17
7918,Acetic Anhydride,C4H6O3,InChI=1S/C4H6O3/c1-3(5)7-4(2)6/h1-2H3,CC(=O)OC(=O)C,WFDIJRYMOXRFFG-UHFFFAOYSA-N,acetyl acetate,102.09
180,Acetone,C3H6O,InChI=1S/C3H6O/c1-3(2)4/h1-2H3,CC(=O)C,CSCPPACGZOOCGX-UHFFFAOYSA-N,propan-2-one,58.08
6406,Acetone Cyanohydrin,C4H7NO,"InChI=1S/C4H7NO/c1-4(2,6)3-5/h6H,1-2H3",CC(C)(C#N)O,MWFMGBPGAXYFAR-UHFFFAOYSA-N,2-hydroxy-2-methylpropanenitrile,85.1
6326,Acetylene,C2H2,InChI=1S/C2H2/c1-2/h1-2H,C#C,HSFWRNGVRCDJHI-UHFFFAOYSA-N,acetylene,26.04
6581,Acrylic Acid,C3H4O2,"InChI=1S/C3H4O2/c1-2-3(4)5/h2H,1H2,(H,4,5)",C=CC(=O)O,NIXOWILDQLNWCW-UHFFFAOYSA-N,prop-2-enoic acid,72.06
7294,Methyl Acrylate,C4H6O2,"InChI=1S/C4H6O2/c1-3-4(5)6-2/h3H,1H2,2H3",COC(=O)C=C,BAPJBEWLBFYGME-UHFFFAOYSA-N,methyl prop-2-enoate,86.09
8821,Ethyl Acrylate,C5H8O2,"InChI=1S/C5H8O2/c1-3-5(6)7-4-2/h3H,1,4H2,2H3",CCOC(=O)C=C,JIGUQPWFLRLWPJ-UHFFFAOYSA-N,ethyl prop-2-enoate,100.12
8846,Butyl Acrylate,C7H12O2,"InChI=1S/C7H12O2/c1-3-5-6-9-7(8)4-2/h4H,2-3,5-6H2,1H3",CCCCOC(=O)C=C,CQEYYJKEWSMYFG-UHFFFAOYSA-N,butyl prop-2-enoate,128.169
7855,Acrylonitrile,C3H3N,"InChI=1S/C3H3N/c1-2-3-4/h2H,1H2",C=CC#N,NLHHRLWOUZZQLW-UHFFFAOYSA-N,prop-2-enenitrile,53.06
196,Adipic Acid,C6H10O4,"InChI=1S/C6H10O4/c7-5(8)3-1-2-4-6(9)10/h1-4H2,(H,7,8)(H,9,10)",C(CCC(=O)O)CC(=O)O,WNLRTRBMVRJNCN-UHFFFAOYSA-N,hexanedioic acid,146.14
297,Methane,CH4,InChI=1S/CH4/h1H4,C,VNWKTOKETHGBQD-UHFFFAOYSA-N,methane,16.043
6324,Ethane,C2H6,InChI=1S/C2H6/c1-2/h1-2H3,CC,OTMSDBZUPAUEDD-UHFFFAOYSA-N,ethane,30.07
6334,Propane,C3H8,"InChI=1S/C3H8/c1-3-2/h3H2,1-2H3",CCC,ATUOYWHBWRKTHZ-UHFFFAOYSA-N,propane,44.1
7843,Butane,C4H10,"InChI=1S/C4H10/c1-3-4-2/h3-4H2,1-2H3",CCCC,IJDNQMDRQITEOD-UHFFFAOYSA-N,butane,58.12
8003,Pentane,C5H12,"InChI=1S/C5H12/c1-3-5-4-2/h3-5H2,1-2H3",CCCCC,OFBQJSOFQDEBGM-UHFFFAOYSA-N,pentane,72.15
8058,Hexane,C6H14,"InChI=1S/C6H14/c1-3-5-6-4-2/h3-6H2,1-2H3",CCCCCC,VLKZOEOYAKHREP-UHFFFAOYSA-N,hexane,86.18
8900,Heptane,C7H16,"InChI=1S/C7H16/c1-3-5-7-6-4-2/h3-7H2,1-2H3",CCCCCCC,IMNFDUFMRHMDMM-UHFFFAOYSA-N,heptane,100.2
356,Octane,C8H18,"InChI=1S/C8H18/c1-3-5-7-8-6-4-2/h3-8H2,1-2H3",CCCCCCCC,TVMXDCGIABBOFY-UHFFFAOYSA-N,octane,114.23
7844,1-Butene,C4H8,"InChI=1S/C4H8/c1-3-4-2/h3H,1,4H2,2H3",CCC=C,VXNZUUAINFGPBY-UHFFFAOYSA-N,but-1-ene,56.11
11570,3'-Ethoxyacetanilide,C10H13NO2,"InChI=1S/C10H13NO2/c1-3-13-10-6-4-5-9(7-10)11-8(2)12/h4-7H,3H2,1-2H3,(H,11,12)",CCOC1=CC=CC(=C1)NC(=O)C,YVTBOWVWYXJHLD-UHFFFAOYSA-N,N-(3-ethoxyphenyl)acetamide,179.22
8124,Octanoyl chloride,C8H15ClO,"InChI=1S/C8H15ClO/c1-2-3-4-5-6-7-8(9)10/h2-7H2,1H3",CCCCCCCC(=O)Cl,REEZZSHJLXOIHL-UHFFFAOYSA-N,octanoyl chloride,162.66
8180,Undecanoic Acid,C11H22O2,"InChI=1S/C11H22O2/c1-2-3-4-5-6-7-8-9-10-11(12)13/h2-10H2,1H3,(H,12,13)",CCCCCCCCCCC(=O)O,ZDPHROOEEOARMN-UHFFFAOYSA-N,undecanoic acid,186.29
17115,Chloropropylmercury,C3H7ClHg,"InChI=1S/C3H7.ClH.Hg/c1-3-2;;/h1,3H2,2H3;1H;/q;;+1/p-1",CCC[Hg]Cl,ZLAYJSKLDWSALK-UHFFFAOYSA-M,chloro(propyl)mercury,279.13
7845,"1,3-Butadiene",C4H6,"InChI=1S/C4H6/c1-3-4-2/h3-4H,1-2H2",C=CC=C,KAKZBPTYRLMSJV-UHFFFAOYSA-N,"buta-1,3-diene",54.09
8064,"1,4-Butanediol",C4H10O2,"InChI=1S/C4H10O2/c5-3-1-2-4-6/h5-6H,1-4H2",C(CCO)CO,WERYXYBDKMZEQL-UHFFFAOYSA-N,"butane-1,4-diol",90.12
5287580,"2-Ammoniobut-3-Enoate, 2-Amino-3-Butenoate",C4H7NO2,"InChI=1S/C4H7NO2/c1-2-3(5)4(6)7/h2-3H,1,5H2,(H,6,7)/t3-/m1/s1",C=C[C@H](C(=O)O)N,RQVLGLPAZTUBKX-GSVOUGTGSA-N,(2R)-2-aminobut-3-enoic acid,101.1
5287579,(2R)-2-ammoniobut-3-enoate,C4H7NO2,"InChI=1S/C4H7NO2/c1-2-3(5)4(6)7/h2-3H,1,5H2,(H,6,7)/t3-/m1/s1",C=C[C@H](C(=O)[O-])[NH3+],RQVLGLPAZTUBKX-GSVOUGTGSA-N,(2R)-2-azaniumylbut-3-enoate,101.1
8255,Isobutylene,C4H8,"InChI=1S/C4H8/c1-4(2)3/h1H2,2-3H3",CC(=C)C,VQTUBCCKSQIDNK-UHFFFAOYSA-N,2-methylprop-1-ene,56.11
263,1-Butanol,C4H10O,"InChI=1S/C4H10O/c1-2-3-4-5/h5H,2-4H2,1H3",CCCCO,LRHPLDYGYMQRHN-UHFFFAOYSA-N,butan-1-ol,74.12
261,Butanal,C4H8O,"InChI=1S/C4H8O/c1-2-3-4-5/h4H,2-3H2,1H3",CCCC=O,ZTQSAGDEMFDKMZ-UHFFFAOYSA-N,butanal,72.11
264,Butyric Acid,C4H8O2,"InChI=1S/C4H8O2/c1-2-3-4(5)6/h2-3H2,1H3,(H,5,6)",CCCC(=O)O,FERIUCNNQQJTOY-UHFFFAOYSA-N,butanoic acid,88.11
7770,Propyl butyrate,C7H14O2,"InChI=1S/C7H14O2/c1-3-5-7(8)9-6-4-2/h3-6H2,1-2H3",CCCC(=O)OCCC,HUAZGNHGCJGYNP-UHFFFAOYSA-N,propyl butanoate,130.18
10419,Dimethylacetylene,C4H6,InChI=1S/C4H6/c1-3-4-2/h1-2H3,CC#CC,XNMQEEKYCVKGBD-UHFFFAOYSA-N,but-2-yne,54.09
6555,1-Bromo-2-methylpropane,C4H9Br,"InChI=1S/C4H9Br/c1-4(2)3-5/h4H,3H2,1-2H3",CC(C)CBr,HLVFKOKELQSXIQ-UHFFFAOYSA-N,1-bromo-2-methylpropane,137.02
9253,Cyclopentane,C5H10,InChI=1S/C5H10/c1-2-4-5-3-1/h1-5H2,C1CCCC1,RGSFGYAAUTVSQA-UHFFFAOYSA-N,cyclopentane,70.13
8004,1-Pentene,C5H10,"InChI=1S/C5H10/c1-3-5-4-2/h3H,1,4-5H2,2H3",CCCC=C,YWAKXRMUMFPDSH-UHFFFAOYSA-N,pent-1-ene,70.13
5326160,cis-2-PENTENE,C5H10,"InChI=1S/C5H10/c1-3-5-4-2/h3,5H,4H2,1-2H3/b5-3-",CC/C=C\C,QMMOXUPEWRXHJS-HYXAFXHYSA-N,(Z)-pent-2-ene,70.13
6557,Isoprene,C5H8,"InChI=1S/C5H8/c1-4-5(2)3/h4H,1-2H2,3H3",CC(=C)C=C,RRHGJUQNOFWUDK-UHFFFAOYSA-N,"2-methylbuta-1,3-diene",68.12
5326161,trans-2-Pentene,C5H10,"InChI=1S/C5H10/c1-3-5-4-2/h3,5H,4H2,1-2H3/b5-3+",CC/C=C/C,QMMOXUPEWRXHJS-HWKANZROSA-N,(E)-pent-2-ene,70.13
11226,Phenoperidine,C23H29NO3,"InChI=1S/C23H29NO3/c1-2-27-22(26)23(20-11-7-4-8-12-20)14-17-24(18-15-23)16-13-21(25)19-9-5-3-6-10-19/h3-12,21,25H,2,13-18H2,1H3",CCOC(=O)C1(CCN(CC1)CCC(C2=CC=CC=C2)O)C3=CC=CC=C3,IPOPQVVNCFQFRK-UHFFFAOYSA-N,ethyl 1-(3-hydroxy-3-phenylpropyl)-4-phenylpiperidine-4-carboxylate,367.5
11418,2-Methylcyclohexanol,C7H14O,"InChI=1S/C7H14O/c1-6-4-2-3-5-7(6)8/h6-8H,2-5H2,1H3",CC1CCCCC1O,NDVWOBYBJYUSMF-UHFFFAOYSA-N,2-methylcyclohexan-1-ol,114.19
10553,2-Methyl-2-butene,C5H10,"InChI=1S/C5H10/c1-4-5(2)3/h4H,1-3H3",CC=C(C)C,BKOOMYPCSUNDGP-UHFFFAOYSA-N,2-methylbut-2-ene,70.13
7219,Indene,C9H8,"InChI=1S/C9H8/c1-2-5-9-7-3-6-8(9)4-1/h1-6H,7H2",C1C=CC2=CC=CC=C21,YBYIRNPNPLQARY-UHFFFAOYSA-N,1H-indene,116.16
12120,3-Ethoxyaniline,C8H11NO,"InChI=1S/C8H11NO/c1-2-10-8-5-3-4-7(9)6-8/h3-6H,2,9H2,1H3",CCOC1=CC=CC(=C1)N,WEZAHYDFZNTGKE-UHFFFAOYSA-N,3-ethoxyaniline,137.18
8193,1-Dodecanol,C12H26O,"InChI=1S/C12H26O/c1-2-3-4-5-6-7-8-9-10-11-12-13/h13H,2-12H2,1H3",CCCCCCCCCCCCO,LQZZUXJYWNFBMV-UHFFFAOYSA-N,dodecan-1-ol,186.33
8209,1-Tetradecanol,C14H30O,"InChI=1S/C14H30O/c1-2-3-4-5-6-7-8-9-10-11-12-13-14-15/h15H,2-14H2,1H3",CCCCCCCCCCCCCCO,HLZKNKRTKFSKGZ-UHFFFAOYSA-N,tetradecan-1-ol,214.39
8221,Stearyl Alcohol,C18H38O,"InChI=1S/C18H38O/c1-2-3-4-5-6-7-8-9-10-11-12-13-14-15-16-17-18-19/h19H,2-18H2,1H3",CCCCCCCCCCCCCCCCCCO,GLDOVTGHNKAZLK-UHFFFAOYSA-N,octadecan-1-ol,270.5
8222,Eicosane,C20H42,"InChI=1S/C20H42/c1-3-5-7-9-11-13-15-17-19-20-18-16-14-12-10-8-6-4-2/h3-20H2,1-2H3",CCCCCCCCCCCCCCCCCCCC,CBFCDTFDPHXCNY-UHFFFAOYSA-N,icosane,282.5
15324,Calcium Stearate,C36H70CaO4,"InChI=1S/2C18H36O2.Ca/c2*1-2-3-4-5-6-7-8-9-10-11-12-13-14-15-16-17-18(19)20;/h2*2-17H2,1H3,(H,19,20);/q;;+2/p-2",CCCCCCCCCCCCCCCCCC(=O)[O-].CCCCCCCCCCCCCCCCCC(=O)[O-].[Ca+2],CJZGTCYPCWQAJB-UHFFFAOYSA-L,calcium bis(octadecanoate),607
7768,Caprolactam,C6H11NO,"InChI=1S/C6H11NO/c8-6-4-2-1-3-5-7-6/h1-5H2,(H,7,8)",C1CCC(=O)NCC1,JBKVHLHDHHXQEQ-UHFFFAOYSA-N,azepan-2-one,113.16
24748,Carmellose (JP17/NF/INN),C8H16O8,"InChI=1S/C6H12O6.C2H4O2/c7-1-3(9)5(11)6(12)4(10)2-8;1-2(3)4/h1,3-6,8-12H,2H2;1H3,(H,3,4)",CC(=O)O.C(C(C(C(C(C=O)O)O)O)O)O,VJHCJDRQFCCTHL-UHFFFAOYSA-N,"acetic acid;2,3,4,5,6-pentahydroxyhexanal",240.21
6629,Cumene Hydroperoxide,C9H12O2,"InChI=1S/C9H12O2/c1-9(2,11-10)8-6-4-3-5-7-8/h3-7,10H,1-2H3",CC(C)(C1=CC=CC=C1)OO,YQHLDYVWEZKEOX-UHFFFAOYSA-N,2-hydroperoxypropan-2-ylbenzene,152.19
8078,Cyclohexane,C6H12,InChI=1S/C6H12/c1-2-4-6-5-3-1/h1-6H2,C1CCCCC1,XDTMQSROBMDMFD-UHFFFAOYSA-N,cyclohexane,84.16
7966,Cyclohexanol,C6H12O,"InChI=1S/C6H12O/c7-6-4-2-1-3-5-6/h6-7H,1-5H2",C1CCC(CC1)O,HPXRVTGHNJAIIH-UHFFFAOYSA-N,cyclohexanol,100.16
7967,Cyclohexanone,C6H10O,InChI=1S/C6H10O/c7-6-4-2-1-3-5-6/h1-5H2,C1CCC(=O)CC1,JHIVVAPYMSGYDF-UHFFFAOYSA-N,cyclohexanone,98.14
8079,Cyclohexene,C6H10,"InChI=1S/C6H10/c1-2-4-6-5-3-1/h1-2H,3-6H2",C1CCC=CC1,HGCIXCUEYOPUTN-UHFFFAOYSA-N,cyclohexene,82.14
8174,1-Decanol,C10H22O,"InChI=1S/C10H22O/c1-2-3-4-5-6-7-8-9-10-11/h11H,2-10H2,1H3",CCCCCCCCCCO,MWKFXSUHUHTGQN-UHFFFAOYSA-N,decan-1-ol,158.28
31256,Diacetone Alcohol,C6H12O2,"InChI=1S/C6H12O2/c1-5(7)4-6(2,3)8/h8H,4H2,1-3H3",CC(=O)CC(C)(C)O,SWXVUIWOUIDPGS-UHFFFAOYSA-N,4-hydroxy-4-methylpentan-2-one,116.16
517048,CID 517048,Na4O7P2,"InChI=1S/4Na.H4O7P2/c;;;;1-8(2,3)7-9(4,5)6/h;;;;(H2,1,2,3)(H2,4,5,6)/q4*+1;/p-4",[O-]P(=O)([O-])OP(=O)([O-])[O-].[Na+].[Na+].[Na+].[Na+],FQENQNTWSFEDLI-UHFFFAOYSA-J,tetrasodium;phosphonato phosphate,265.9
157798,Cylindol B,C16H14O7,"InChI=1S/C16H14O7/c1-21-15(19)11-7-9(3-5-13(11)17)23-10-4-6-14(18)12(8-10)16(20)22-2/h3-8,17-18H,1-2H3",COC(=O)C1=C(C=CC(=C1)OC2=CC(=C(C=C2)O)C(=O)OC)O,VSXYXFKPDHKDNT-UHFFFAOYSA-N,methyl 2-hydroxy-5-(4-hydroxy-3-methoxycarbonylphenoxy)benzoate,318.28
517046,"Phosphoric acid, isoamyl-isooctyl ester",C13H29O4P,"InChI=1S/C13H29O4P/c1-12(2)8-6-5-7-10-16-18(14,15)17-11-9-13(3)4/h12-13H,5-11H2,1-4H3,(H,14,15)",CC(C)CCCCCOP(=O)(O)OCCC(C)C,RPXNGPMIXAZAKB-UHFFFAOYSA-N,3-methylbutyl 6-methylheptyl hydrogen phosphate,280.34
3283,Diethyl Ether,C4H10O,"InChI=1S/C4H10O/c1-3-5-4-2/h3-4H2,1-2H3",CCOCC,RTZKZFJDLAIYFH-UHFFFAOYSA-N,ethoxyethane,74.12
8117,Diethylene Glycol,C4H10O3,"InChI=1S/C4H10O3/c5-1-3-7-4-2-6/h5-6H,1-4H2",C(COCCO)O,MTHSVFCYNBDYFN-UHFFFAOYSA-N,2-(2-hydroxyethoxy)ethanol,106.12
8172,Triethylene Glycol,C6H14O4,"InChI=1S/C6H14O4/c7-1-3-9-5-6-10-4-2-8/h7-8H,1-6H2",C(COCCOCCO)O,ZIBGPFATKBEMQZ-UHFFFAOYSA-N,2-[2-(2-hydroxyethoxy)ethoxy]ethanol,150.17
11426,Diethyl cystinate,C10H20N2O4S2,"InChI=1S/C10H20N2O4S2/c1-3-15-9(13)7(11)5-17-18-6-8(12)10(14)16-4-2/h7-8H,3-6,11-12H2,1-2H3",CCOC(=O)C(CSSCC(C(=O)OCC)N)N,CIKFAVCRANPUES-UHFFFAOYSA-N,ethyl 2-amino-3-[(2-amino-3-ethoxy-3-oxopropyl)disulfanyl]propanoate,296.4
8146,Diethylene Glycol Monoethyl Ether,C6H14O3,"InChI=1S/C6H14O3/c1-2-8-5-6-9-4-3-7/h7H,2-6H2,1H3",CCOCCOCCO,XXJWXESWEXIICW-UHFFFAOYSA-N,2-(2-ethoxyethoxy)ethanol,134.17
18781,3-Methylchrysene,C19H14,"InChI=1S/C19H14/c1-13-6-7-15-9-10-17-16-5-3-2-4-14(16)8-11-18(17)19(15)12-13/h2-12H,1H3",CC1=CC2=C(C=C1)C=CC3=C2C=CC4=CC=CC=C43,JLIHUJWAXSZIHS-UHFFFAOYSA-N,3-methylchrysene,242.3
171064,Kadsurin,C25H30O8,"InChI=1S/C25H30O8/c1-12-8-15-9-17(27-4)22(28-5)24(29-6)19(15)20-16(21(13(12)2)33-14(3)26)10-18-23(25(20)30-7)32-11-31-18/h9-10,12-13,21H,8,11H2,1-7H3/t12-,13-,21-/m1/s1",C[C@@H]1CC2=CC(=C(C(=C2C3=C(C4=C(C=C3[C@@H]([C@@H]1C)OC(=O)C)OCO4)OC)OC)OC)OC,QUGMSTJBNZWXQS-SQHYZVFZSA-N,"[(9R,10R,11R)-3,4,5,19-tetramethoxy-9,10-dimethyl-15,17-dioxatetracyclo[10.7.0.02,7.014,18]nonadeca-1(19),2,4,6,12,14(18)-hexaen-11-yl] acetate",458.5
11275,2-Hydroxymethyl-5-alpha-androst-2-en-17-beta-ol,C20H32O2,"InChI=1S/C20H32O2/c1-19-10-9-17-15(16(19)7-8-18(19)22)6-5-14-4-3-13(12-21)11-20(14,17)2/h3,14-18,21-22H,4-12H2,1-2H3/t14-,15+,16+,17+,18+,19+,20+/m1/s1",C[C@]12CC[C@H]3[C@H]([C@@H]1CC[C@@H]2O)CC[C@@H]4[C@@]3(CC(=CC4)CO)C,BWYWJEOODYEXFU-WDCLZLQXSA-N,"(5S,8R,9S,10S,13S,14S,17S)-2-(hydroxymethyl)-10,13-dimethyl-4,5,6,7,8,9,11,12,14,15,16,17-dodecahydro-1H-cyclopenta[a]phenanthren-17-ol",304.5
6378,Propylene Oxide,C3H6O,"InChI=1S/C3H6O/c1-3-2-4-3/h3H,2H2,1H3",CC1CO1,GOOHAUXETOMSMM-UHFFFAOYSA-N,2-methyloxirane,58.08
702,Ethanol,C2H6O,"InChI=1S/C2H6O/c1-2-3/h3H,2H2,1H3",CCO,LFQSCWFLJHTTHZ-UHFFFAOYSA-N,ethanol,46.07
6325,Ethylene,C2H4,InChI=1S/C2H4/c1-2/h1-2H2,C=C,VGGSQFUCUMXWEO-UHFFFAOYSA-N,ethene,28.05
174,Ethylene Glycol,C2H6O2,"InChI=1S/C2H6O2/c3-1-2-4/h3-4H,1-2H2",C(CO)O,LYCAIKOWRPUZTN-UHFFFAOYSA-N,"ethane-1,2-diol",62.07
10987,Strontium acetate,C4H6O4Sr,"InChI=1S/2C2H4O2.Sr/c2*1-2(3)4;/h2*1H3,(H,3,4);/q;;+2/p-2",CC(=O)[O-].CC(=O)[O-].[Sr+2],RXSHXLOMRZJCLB-UHFFFAOYSA-L,strontium diacetate,205.71
8133,2-Butoxyethanol,C6H14O2,"InChI=1S/C6H14O2/c1-2-3-5-8-6-4-7/h7H,2-6H2,1H3",CCCCOCCO,POAOYUHQDCAZBD-UHFFFAOYSA-N,2-butoxyethanol,118.17
8019,2-Methoxyethanol,C3H8O2,"InChI=1S/C3H8O2/c1-5-3-2-4/h4H,2-3H2,1H3",COCCO,XNWFRZJHXBZDAG-UHFFFAOYSA-N,2-methoxyethanol,76.09
7519,Anisole,C7H8O,"InChI=1S/C7H8O/c1-8-7-5-3-2-4-6-7/h2-6H,1H3",COC1=CC=CC=C1,RDOXTESZEPMUJZ-UHFFFAOYSA-N,anisole,108.14
6354,Ethylene Oxide,C2H4O,InChI=1S/C2H4O/c1-2-3-1/h1-2H2,C1CO1,IAYPIBMASNFSPL-UHFFFAOYSA-N,oxirane,44.05
11673,2-Chloro-2-nitropropane,C3H6ClNO2,"InChI=1S/C3H6ClNO2/c1-3(2,4)5(6)7/h1-2H3",CC(C)([N+](=O)[O-])Cl,JQYFSFNSNVRUPY-UHFFFAOYSA-N,2-chloro-2-nitropropane,123.54
7720,2-Ethylhexanol,C8H18O,"InChI=1S/C8H18O/c1-3-5-6-8(4-2)7-9/h8-9H,3-7H2,1-2H3",CCCCC(CC)CO,YIWUKEYIRIRTPP-UHFFFAOYSA-N,2-ethylhexan-1-ol,130.229
712,Formaldehyde,CH2O,InChI=1S/CH2O/c1-2/h1H2,C=O,WSFSSNUMVMOOMR-UHFFFAOYSA-N,formaldehyde,30.026
753,Glycerol,C3H8O3,"InChI=1S/C3H8O3/c4-1-3(6)2-5/h3-6H,1-2H2",C(C(CO)O)O,PEDCQBHIVMGVHV-UHFFFAOYSA-N,"propane-1,2,3-triol",92.09
7860,Glyoxal,C2H2O2,InChI=1S/C2H2O2/c3-1-2-4/h1-2H,C(=O)C=O,LEQAOMBKQFMDFZ-UHFFFAOYSA-N,oxaldehyde,58.04
7282,3-Methylpentane,C6H14,"InChI=1S/C6H14/c1-4-6(3)5-2/h6H,4-5H2,1-3H3",CCC(C)CC,PFEOZHBOMNWTJB-UHFFFAOYSA-N,3-methylpentane,86.18
6403,"2,2-Dimethylbutane",C6H14,"InChI=1S/C6H14/c1-5-6(2,3)4/h5H2,1-4H3",CCC(C)(C)C,HNRMPXKDFBEGFZ-UHFFFAOYSA-N,"2,2-dimethylbutane",86.18
7284,2-Methylbutanal,C5H10O,"InChI=1S/C5H10O/c1-3-5(2)4-6/h4-5H,3H2,1-2H3",CCC(C)C=O,BYGQBDHUGHBGMD-UHFFFAOYSA-N,2-methylbutanal,86.13
6560,Isobutanol,C4H10O,"InChI=1S/C4H10O/c1-4(2)3-5/h4-5H,3H2,1-2H3",CC(C)CO,ZXEKIIBDNHEJCQ-UHFFFAOYSA-N,2-methylpropan-1-ol,74.12
8038,Isobutyl Acetate,C6H12O2,"InChI=1S/C6H12O2/c1-5(2)4-8-6(3)7/h5H,4H2,1-3H3",CC(C)COC(=O)C,GJRQTCIYDGXPES-UHFFFAOYSA-N,2-methylpropyl acetate,116.16
6561,Isobutyraldehyde,C4H8O,"InChI=1S/C4H8O/c1-4(2)3-5/h3-4H,1-2H3",CC(C)C=O,AMIMRNSIRUDHCM-UHFFFAOYSA-N,2-methylpropanal,72.11
6544,Isophorone,C9H14O,"InChI=1S/C9H14O/c1-7-4-8(10)6-9(2,3)5-7/h4H,5-6H2,1-3H3",CC1=CC(=O)CC(C1)(C)C,HJOVHMDZYOCNQW-UHFFFAOYSA-N,"3,5,5-trimethylcyclohex-2-en-1-one",138.21
8496,Isophthalic Acid,C8H6O4,"InChI=1S/C8H6O4/c9-7(10)5-2-1-3-6(4-5)8(11)12/h1-4H,(H,9,10)(H,11,12)",C1=CC(=CC(=C1)C(=O)O)C(=O)O,QQVIHTHCMHWDBS-UHFFFAOYSA-N,"benzene-1,3-dicarboxylic acid",166.13
3776,Isopropanol,C3H8O,"InChI=1S/C3H8O/c1-3(2)4/h3-4H,1-2H3",CC(C)O,KFZMGEQAYNKOFK-UHFFFAOYSA-N,propan-2-ol,60.1
7915,Isopropyl Acetate,C5H10O2,"InChI=1S/C5H10O2/c1-4(2)7-5(3)6/h4H,1-3H3",CC(C)OC(=O)C,JMMWKPVZQRWMSS-UHFFFAOYSA-N,propan-2-yl acetate,102.13
7923,Maleic Anhydride,C4H2O3,InChI=1S/C4H2O3/c5-3-1-2-4(6)7-3/h1-2H,C1=CC(=O)OC1=O,FPYJFEHAWHCUMM-UHFFFAOYSA-N,"furan-2,5-dione",98.06
4093,Methacrylic Acid,C4H6O2,"InChI=1S/C4H6O2/c1-3(2)4(5)6/h1H2,2H3,(H,5,6)",CC(=C)C(=O)O,CERQOIWHTDAKMF-UHFFFAOYSA-N,2-methylprop-2-enoic acid,86.09
6658,Methyl Methacrylate,C5H8O2,"InChI=1S/C5H8O2/c1-4(2)5(6)7-3/h1H2,2-3H3",CC(=C)C(=O)OC,VVQNEPGJFQJSBK-UHFFFAOYSA-N,methyl 2-methylprop-2-enoate,100.12
7351,Isobutyl isobutyrate,C8H16O2,"InChI=1S/C8H16O2/c1-6(2)5-10-8(9)7(3)4/h6-7H,5H2,1-4H3",CC(C)COC(=O)C(C)C,RXGUIWHIADMCFC-UHFFFAOYSA-N,2-methylpropyl 2-methylpropanoate,144.21
15417,Dicyclopentyl,C10H18,"InChI=1S/C10H18/c1-2-6-9(5-1)10-7-3-4-8-10/h9-10H,1-8H2",C1CCC(C1)C2CCCC2,MAWOHFOSAIXURX-UHFFFAOYSA-N,cyclopentylcyclopentane,138.25
887,Methanol,CH4O,"InChI=1S/CH4O/c1-2/h2H,1H3",CO,OKKJLVBELUTLKV-UHFFFAOYSA-N,methanol,32.042
6569,Methyl Ethyl Ketone,C4H8O,"InChI=1S/C4H8O/c1-3-4(2)5/h3H2,1-2H3",CCC(=O)C,ZWEHNKRNPOVVGH-UHFFFAOYSA-N,butan-2-one,72.11
15413,tert-Butyl methyl ether,C5H12O,"InChI=1S/C5H12O/c1-5(2,3)6-4/h1-4H3",CC(C)(C)OC,BZLVMXJERCGZMT-UHFFFAOYSA-N,2-methoxy-2-methylpropane,88.15
7909,Methyl Isobutyl Ketone,C6H12O,"InChI=1S/C6H12O/c1-5(2)4-6(3)7/h5H,4H2,1-3H3",CC(C)CC(=O)C,NTIZESTWPVYFNL-UHFFFAOYSA-N,4-methylpentan-2-one,100.16
5357,Sultopride,C17H26N2O4S,"InChI=1S/C17H26N2O4S/c1-4-19-10-6-7-13(19)12-18-17(20)15-11-14(24(21,22)5-2)8-9-16(15)23-3/h8-9,11,13H,4-7,10,12H2,1-3H3,(H,18,20)",CCN1CCCC1CNC(=O)C2=C(C=CC(=C2)S(=O)(=O)CC)OC,UNRHXEPDKXPRTM-UHFFFAOYSA-N,N-[(1-ethylpyrrolidin-2-yl)methyl]-5-ethylsulfonyl-2-methoxybenzamide,354.5
22231,"Acridine, 9-amino-2-phenyl-",C19H14N2,"InChI=1S/C19H14N2/c20-19-15-8-4-5-9-17(15)21-18-11-10-14(12-16(18)19)13-6-2-1-3-7-13/h1-12H,(H2,20,21)",C1=CC=C(C=C1)C2=CC3=C(C4=CC=CC=C4N=C3C=C2)N,YHGAGMNSWODGFY-UHFFFAOYSA-N,2-phenylacridin-9-amine,270.3
971,Oxalic Acid,C2H2O4,"InChI=1S/C2H2O4/c3-1(4)2(5)6/h(H,3,4)(H,5,6)",C(=O)(C(=O)O)O,MUBZPKHOEPUJKR-UHFFFAOYSA-N,oxalic acid,90.03
8285,Pentaerythritol,C5H12O4,"InChI=1S/C5H12O4/c6-1-5(2-7,3-8)4-9/h6-9H,1-4H2",C(C(CO)(CO)CO)O,WXZMFSXDPGVJKK-UHFFFAOYSA-N,"2,2-bis(hydroxymethyl)propane-1,3-diol",136.15
527,Propanal,C3H6O,"InChI=1S/C3H6O/c1-2-3-4/h3H,2H2,1H3",CCC=O,NBBJYMSMWIIQGU-UHFFFAOYSA-N,propanal,58.08
1032,Propionic Acid,C3H6O2,"InChI=1S/C3H6O2/c1-2-3(4)5/h2H2,1H3,(H,4,5)",CCC(=O)O,XBDQKXXYIPTUBI-UHFFFAOYSA-N,propanoic acid,74.08
1031,1-Propanol,C3H8O,"InChI=1S/C3H8O/c1-2-3-4/h4H,2-3H2,1H3",CCCO,BDERNNFJNOPAEC-UHFFFAOYSA-N,propan-1-ol,60.1
8252,Propylene,C3H6,"InChI=1S/C3H6/c1-3-2/h3H,1H2,2H3",CC=C,QQONPFPTGQHPMA-UHFFFAOYSA-N,prop-1-ene,42.08
1030,Propylene Glycol,C3H8O2,"InChI=1S/C3H8O2/c1-3(5)2-4/h3-5H,2H2,1H3",CC(CO)O,DNIAPMSPPWPWGF-UHFFFAOYSA-N,"propane-1,2-diol",76.09
6568,(+-)-2-Butanol,C4H10O,"InChI=1S/C4H10O/c1-3-4(2)5/h4-5H,3H2,1-2H3",CCC(C)O,BTANRVKWQNVYAZ-UHFFFAOYSA-N,butan-2-ol,74.12
2723810,Sodium Formate,CHNaO2,"InChI=1S/CH2O2.Na/c2-1-3;/h1H,(H,2,3);/q;+1/p-1",C(=O)[O-].[Na+],HLBBKKJFGFRGMU-UHFFFAOYSA-M,sodium formate,68.007
5780,Sorbitol,C6H14O6,"InChI=1S/C6H14O6/c7-1-3(9)5(11)6(12)4(10)2-8/h3-12H,1-2H2/t3-,4+,5-,6-/m1/s1",C([C@H]([C@H]([C@@H]([C@H](CO)O)O)O)O)O,FBPFZTCFMRRESA-JGWLITMVSA-N,"(2R,3R,4R,5S)-hexane-1,2,3,4,5,6-hexol",182.17
6386,tert-Butanol,C4H10O,"InChI=1S/C4H10O/c1-4(2,3)5/h5H,1-3H3",CC(C)(C)O,DKGAVHZHDRPRBM-UHFFFAOYSA-N,2-methylpropan-2-ol,74.12
62477,"3,3-Diethoxy-1-propene",C7H14O2,"InChI=1S/C7H14O2/c1-4-7(8-5-2)9-6-3/h4,7H,1,5-6H2,2-3H3",CCOC(C=C)OCC,MCIPQLOKVXSHTD-UHFFFAOYSA-N,"3,3-diethoxyprop-1-ene",130.18
7904,Vinyl Acetate,C4H6O2,"InChI=1S/C4H6O2/c1-3-6-4(2)5/h3H,1H2,2H3",CC(=O)OC=C,XTXRWKRVRITETP-UHFFFAOYSA-N,ethenyl acetate,86.09
7850,Allyl chloride,C3H5Cl,"InChI=1S/C3H5Cl/c1-2-3-4/h2H,1,3H2",C=CCCl,OSDWBNJEKMUWAV-UHFFFAOYSA-N,3-chloroprop-1-ene,76.52
7503,Benzyl Chloride,C7H7Cl,"InChI=1S/C7H7Cl/c8-6-7-4-2-1-3-5-7/h1-5H,6H2",C1=CC=C(C=C1)CCl,KCXMKQUNVWSEMD-UHFFFAOYSA-N,chloromethylbenzene,126.58
5943,Carbon Tetrachloride,CCl4,"InChI=1S/CCl4/c2-1(3,4)5",C(Cl)(Cl)(Cl)Cl,VZGDMQKNWNREIO-UHFFFAOYSA-N,tetrachloromethane,153.8
7964,Chlorobenzene,C6H5Cl,InChI=1S/C6H5Cl/c7-6-4-2-1-3-5-6/h1-5H,C1=CC=C(C=C1)Cl,MVPPADPHJFYWMZ-UHFFFAOYSA-N,chlorobenzene,112.55
7239,"1,2-Dichlorobenzene",C6H4Cl2,InChI=1S/C6H4Cl2/c7-5-3-1-2-4-6(5)8/h1-4H,C1=CC=C(C(=C1)Cl)Cl,RFFLAFLAYFXFSW-UHFFFAOYSA-N,"1,2-dichlorobenzene",147
10943,"1,3-Dichlorobenzene",C6H4Cl2,InChI=1S/C6H4Cl2/c7-5-2-1-3-6(8)4-5/h1-4H,C1=CC(=CC(=C1)Cl)Cl,ZPQOPVIELGIULI-UHFFFAOYSA-N,"1,3-dichlorobenzene",147
4685,"1,4-Dichlorobenzene",C6H4Cl2,InChI=1S/C6H4Cl2/c7-5-1-2-6(8)4-3-5/h1-4H,C1=CC(=CC=C1Cl)Cl,OCJBOOLMMGQPQU-UHFFFAOYSA-N,"1,4-dichlorobenzene",147
11094,"1-Naphthalenamine, hydrochloride (1:1)",C10H10ClN,"InChI=1S/C10H9N.ClH/c11-10-7-3-5-8-4-1-2-6-9(8)10;/h1-7H,11H2;1H",C1=CC=C2C(=C1)C=CC=C2N.Cl,FOKKJVHTXPJHEN-UHFFFAOYSA-N,naphthalen-1-amine;hydrochloride,179.64
9625,Bromochlorodifluoromethane,CBrClF2,"InChI=1S/CBrClF2/c2-1(3,4)5",C(F)(F)(Cl)Br,MEXUFEQDCXZEON-UHFFFAOYSA-N,bromo-chloro-difluoromethane,165.36
6212,Chloroform,CHCl3,InChI=1S/CHCl3/c2-1(3)4/h1H,C(Cl)(Cl)Cl,HEDRZPFGACZZDS-UHFFFAOYSA-N,chloroform,119.37
6327,Methyl Chloride,CH3Cl,InChI=1S/CH3Cl/c1-2/h1H3,CCl,NEHMKBQYUWJMIP-UHFFFAOYSA-N,chloromethane,50.49
6344,Dichloromethane,CH2Cl2,InChI=1S/CH2Cl2/c2-1-3/h1H2,C(Cl)Cl,YMWUJEATGCHHMB-UHFFFAOYSA-N,dichloromethane,84.93
14649,"4-[(1,8,8-Trimethyl-3-azabicyclo[3.2.1]octan-3-yl)methyl]aniline",C17H26N2,"InChI=1S/C17H26N2/c1-16(2)14-8-9-17(16,3)12-19(11-14)10-13-4-6-15(18)7-5-13/h4-7,14H,8-12,18H2,1-3H3",CC1(C2CCC1(CN(C2)CC3=CC=C(C=C3)N)C)C,DMIPPSDWOIHURG-UHFFFAOYSA-N,"4-[(1,8,8-trimethyl-3-azabicyclo[3.2.1]octan-3-yl)methyl]aniline",258.399
7245,2-Chlorophenol,C6H5ClO,"InChI=1S/C6H5ClO/c7-5-3-1-2-4-6(5)8/h1-4,8H",C1=CC=C(C(=C1)O)Cl,ISPYQTSUDJAMAB-UHFFFAOYSA-N,2-chlorophenol,128.55
7238,2-Chlorotoluene,C7H7Cl,"InChI=1S/C7H7Cl/c1-6-4-2-3-5-7(6)8/h2-5H,1H3",CC1=CC=CC=C1Cl,IBSQPLPBRSHTTG-UHFFFAOYSA-N,1-chloro-2-methylbenzene,126.58
4684,4-Chlorophenol,C6H5ClO,"InChI=1S/C6H5ClO/c7-5-1-3-6(8)4-2-5/h1-4,8H",C1=CC(=CC=C1O)Cl,WXNZTHHGJRFXKQ-UHFFFAOYSA-N,4-chlorophenol,128.55
8449,"2,4-Dichlorophenol",C6H4Cl2O,"InChI=1S/C6H4Cl2O/c7-4-1-2-6(9)5(8)3-4/h1-3,9H",C1=CC(=C(C=C1Cl)Cl)O,HFZWRUODUSTPEG-UHFFFAOYSA-N,"2,4-dichlorophenol",163
6914,"2,4,6-Trichlorophenol",C6H3Cl3O,"InChI=1S/C6H3Cl3O/c7-3-1-4(8)6(10)5(9)2-3/h1-2,10H",C1=C(C=C(C(=C1Cl)O)Cl)Cl,LINPIYWFGCPVIE-UHFFFAOYSA-N,"2,4,6-trichlorophenol",197.4
992,Pentachlorophenol,C6HCl5O,InChI=1S/C6HCl5O/c7-1-2(8)4(10)6(12)5(11)3(1)9/h12H,C1(=C(C(=C(C(=C1Cl)Cl)Cl)Cl)Cl)O,IZUPBVBPLAPZRR-UHFFFAOYSA-N,"2,3,4,5,6-pentachlorophenol",266.3
6369,Vinylidene fluoride,C2H2F2,InChI=1S/C2H2F2/c1-2(3)4/h1H2,C=C(F)F,BQCIDUSAKPWEOX-UHFFFAOYSA-N,"1,1-difluoroethene",64.03
6319,"N,N'-Diphenyl-P-Phenylenediamine",C18H16N2,"InChI=1S/C18H16N2/c1-3-7-15(8-4-1)19-17-11-13-18(14-12-17)20-16-9-5-2-6-10-16/h1-14,19-20H",C1=CC=C(C=C1)NC2=CC=C(C=C2)NC3=CC=CC=C3,UTGQNNCQYDRXCH-UHFFFAOYSA-N,"1-N,4-N-diphenylbenzene-1,4-diamine",260.3
7950,"1,3,5-Trichlorobenzene",C6H3Cl3,InChI=1S/C6H3Cl3/c7-4-1-5(8)3-6(9)2-4/h1-3H,C1=C(C=C(C=C1Cl)Cl)Cl,XKEFYDZQGKAQCN-UHFFFAOYSA-N,"1,3,5-trichlorobenzene",181.4
6347,Isocyanic acid,CHNO,InChI=1S/CHNO/c2-1-3/h2H,C(=N)=O,OWIKHYCFFJSOEH-UHFFFAOYSA-N,isocyanic acid,43.025
6364,2-Propanethiol,C3H8S,"InChI=1S/C3H8S/c1-3(2)4/h3-4H,1-2H3",CC(C)S,KJRCEJOSASVSRA-UHFFFAOYSA-N,propane-2-thiol,76.16
7902,2-(Dimethylamino)ethanol,C4H11NO,"InChI=1S/C4H11NO/c1-5(2)3-4-6/h6H,3-4H2,1-2H3",CN(C)CCO,UEEJHVSXFDXPFK-UHFFFAOYSA-N,2-(dimethylamino)ethanol,89.14
7903,1-Nitropropane,C3H7NO2,"InChI=1S/C3H7NO2/c1-2-3-4(5)6/h2-3H2,1H3",CCC[N+](=O)[O-],JSZOAYXJRCEYSX-UHFFFAOYSA-N,1-nitropropane,89.09
11429,"1,2-Butanediol",C4H10O2,"InChI=1S/C4H10O2/c1-2-4(6)3-5/h4-6H,2-3H2,1H3",CCC(CO)O,BMRWNKZVCUKKSR-UHFFFAOYSA-N,"butane-1,2-diol",90.12
7835,Epichlorohydrin,C3H5ClO,"InChI=1S/C3H5ClO/c4-1-3-2-5-3/h3H,1-2H2",C1C(O1)CCl,BRLQWZUYTZBJKN-UHFFFAOYSA-N,2-(chloromethyl)oxirane,92.52
6337,Chloroethane,C2H5Cl,"InChI=1S/C2H5Cl/c1-2-3/h2H2,1H3",CCCl,HRYZWHHZPQKTII-UHFFFAOYSA-N,chloroethane,64.51
6389,Trichlorofluoromethane,CCl3F,"InChI=1S/CCl3F/c2-1(3,4)5",C(F)(Cl)(Cl)Cl,CYRMSUTZVYGINF-UHFFFAOYSA-N,trichloro(fluoro)methane,137.36
6391,Dichlorodifluoromethane,CCl2F2,"InChI=1S/CCl2F2/c2-1(3,4)5",C(F)(F)(Cl)Cl,PXBRQCKWGAHEHS-UHFFFAOYSA-N,dichloro(difluoro)methane,120.91
6372,Chlorodifluoromethane,CHClF2,InChI=1S/CHClF2/c2-1(3)4/h1H,C(F)(F)Cl,VOPWNXZWBYDODV-UHFFFAOYSA-N,chloro(difluoro)methane,86.47
13129,"1,1,1,2-Tetrafluoroethane",C2H2F4,"InChI=1S/C2H2F4/c3-1-2(4,5)6/h1H2",C(C(F)(F)F)F,LVGUZGTVOIAKKC-UHFFFAOYSA-N,"1,1,1,2-tetrafluoroethane",102.03
7520,Thioanisole,C7H8S,"InChI=1S/C7H8S/c1-8-7-5-3-2-4-6-7/h2-6H,1H3",CSC1=CC=CC=C1,HNKJADCVZUBCPG-UHFFFAOYSA-N,methylsulfanylbenzene,124.21
6371,Phosgene,CCl2O,InChI=1S/CCl2O/c2-1(3)4,C(=O)(Cl)Cl,YGYAWVDWMABLBF-UHFFFAOYSA-N,carbonyl dichloride,98.91
31373,Tetrachloroethylene,C2Cl4,InChI=1S/C2Cl4/c3-1(4)2(5)6,C(=C(Cl)Cl)(Cl)Cl,CYTYCFOTNPOANT-UHFFFAOYSA-N,"1,1,2,2-tetrachloroethene",165.8
6575,Trichloroethylene,C2HCl3,InChI=1S/C2HCl3/c3-1-2(4)5/h1H,C(=C(Cl)Cl)Cl,XSTXAVWGXDQKEL-UHFFFAOYSA-N,"1,1,2-trichloroethene",131.38
6278,"1,1,1-Trichloroethane",C2H3Cl3,"InChI=1S/C2H3Cl3/c1-2(3,4)5/h1H3",CC(Cl)(Cl)Cl,UOCLXMDMGBRAIB-UHFFFAOYSA-N,"1,1,1-trichloroethane",133.4
6338,Vinyl Chloride,C2H3Cl,"InChI=1S/C2H3Cl/c1-2-3/h2H,1H2",C=CCl,BZHJMEDXRYGGRV-UHFFFAOYSA-N,chloroethene,62.5
6366,Vinylidene chloride,C2H2Cl2,InChI=1S/C2H2Cl2/c1-2(3)4/h1H2,C=C(Cl)Cl,LGXVIGDEPROXKC-UHFFFAOYSA-N,"1,1-dichloroethene",96.94
8145,"1,5-Dimethoxypentane",C7H16O2,"InChI=1S/C7H16O2/c1-8-6-4-3-5-7-9-2/h3-7H2,1-2H3",COCCCCCOC,NFCBHIFOKVDBCJ-UHFFFAOYSA-N,"1,5-dimethoxypentane",132.2
8175,Decanal,C10H20O,"InChI=1S/C10H20O/c1-2-3-4-5-6-7-8-9-10-11/h10H,2-9H2,1H3",CCCCCCCCCC=O,KSMVZQYAVGTKIV-UHFFFAOYSA-N,decanal,156.26
14528,3-Phenyl-2-butenal,C10H10O,"InChI=1S/C10H10O/c1-9(7-8-11)10-5-3-2-4-6-10/h2-8H,1H3",CC(=CC=O)C1=CC=CC=C1,IEARORYJISZKGK-UHFFFAOYSA-N,3-phenylbut-2-enal,146.19
8205,Dodecyl acetate,C14H28O2,"InChI=1S/C14H28O2/c1-3-4-5-6-7-8-9-10-11-12-13-16-14(2)15/h3-13H2,1-2H3",CCCCCCCCCCCCOC(=O)C,VZWGRQBCURJOMT-UHFFFAOYSA-N,dodecyl acetate,228.37
16279,"Acetanilide, 4'-bis(2-iodoethyl)amino-",C12H16I2N2O,"InChI=1S/C12H16I2N2O/c1-10(17)15-11-2-4-12(5-3-11)16(8-6-13)9-7-14/h2-5H,6-9H2,1H3,(H,15,17)",CC(=O)NC1=CC=C(C=C1)N(CCI)CCI,HNIFPOLBBBMRDY-UHFFFAOYSA-N,N-[4-[bis(2-iodoethyl)amino]phenyl]acetamide,458.08
6115,Aniline,C6H7N,"InChI=1S/C6H7N/c7-6-4-2-1-3-5-6/h1-5H,7H2",C1=CC=C(C=C1)N,PAYRUJLWNCNPSJ-UHFFFAOYSA-N,aniline,93.13
8007,Butylamine,C4H11N,"InChI=1S/C4H11N/c1-2-3-4-5/h2-5H2,1H3",CCCCN,HQABUPZFAYXKJW-UHFFFAOYSA-N,butan-1-amine,73.14
8465,"1-(3,4-Dihydroxyphenyl)-2-((1-methylethyl)amino)ethanone",C11H15NO3,"InChI=1S/C11H15NO3/c1-7(2)12-6-11(15)8-3-4-9(13)10(14)5-8/h3-5,7,12-14H,6H2,1-2H3",CC(C)NCC(=O)C1=CC(=C(C=C1)O)O,BIQMIYWSZZTXEX-UHFFFAOYSA-N,"1-(3,4-dihydroxyphenyl)-2-(propan-2-ylamino)ethanone",209.24
8113,Diethanolamine,C4H11NO2,"InChI=1S/C4H11NO2/c6-3-1-5-2-4-7/h5-7H,1-4H2",C(CO)NCCO,ZBCBWPMODOFKDW-UHFFFAOYSA-N,2-(2-hydroxyethylamino)ethanol,105.14
7588,Phenacaine,C18H22N2O2,"InChI=1S/C18H22N2O2/c1-4-21-17-10-6-15(7-11-17)19-14(3)20-16-8-12-18(13-9-16)22-5-2/h6-13H,4-5H2,1-3H3,(H,19,20)",CCOC1=CC=C(C=C1)NC(=NC2=CC=C(C=C2)OCC)C,QXDAEKSDNVPFJG-UHFFFAOYSA-N,"N,N'-bis(4-ethoxyphenyl)ethanimidamide",298.4
6899,"2,6-Dichlorophenol",C6H4Cl2O,"InChI=1S/C6H4Cl2O/c7-4-2-1-3-5(8)6(4)9/h1-3,9H",C1=CC(=C(C(=C1)Cl)O)Cl,HOLHYSJJBXSLMV-UHFFFAOYSA-N,"2,6-dichlorophenol",163
6228,Dimethylformamide,C3H7NO,"InChI=1S/C3H7NO/c1-4(2)3-5/h3H,1-2H3",CN(C)C=O,ZMXDDKWLCZADIW-UHFFFAOYSA-N,"N,N-dimethylformamide",73.09
7591,Ethyl N-phenylcarbamate,C9H11NO2,"InChI=1S/C9H11NO2/c1-2-12-9(11)10-8-6-4-3-5-7-8/h3-7H,2H2,1H3,(H,10,11)",CCOC(=O)NC1=CC=CC=C1,LBKPGNUOUPTQKA-UHFFFAOYSA-N,ethyl N-phenylcarbamate,165.19
700,Ethanolamine,C2H7NO,"InChI=1S/C2H7NO/c3-1-2-4/h4H,1-3H2",C(CO)N,HZAXFHJVJLSVMW-UHFFFAOYSA-N,2-aminoethanol,61.08
7614,"5-Octen-4-ol, 2,7-dimethyl-, acetate",C12H22O2,"InChI=1S/C12H22O2/c1-10(2)5-6-12(9-11(3)4)14-8-7-13/h5,7,11-12H,6,8-9H2,1-4H3",CC(C)CC(CC=C(C)C)OCC=O,WPZHLSFMGCSZMV-UHFFFAOYSA-N,"2-(2,7-dimethyloct-6-en-4-yloxy)acetaldehyde",198.3
6341,Ethylamine,C2H7N,"InChI=1S/C2H7N/c1-2-3/h2-3H2,1H3",CCN,QUSNBJAOOMFDIB-UHFFFAOYSA-N,ethanamine,45.08
3301,Ethylenediamine,C2H8N2,InChI=1S/C2H8N2/c3-1-2-4/h1-4H2,C(CN)N,PIICEJLVQHRZGT-UHFFFAOYSA-N,"ethane-1,2-diamine",60.1
6049,Ethylenediaminetetraacetic Acid,C10H16N2O8,"InChI=1S/C10H16N2O8/c13-7(14)3-11(4-8(15)16)1-2-12(5-9(17)18)6-10(19)20/h1-6H2,(H,13,14)(H,15,16)(H,17,18)(H,19,20)",C(CN(CC(=O)O)CC(=O)O)N(CC(=O)O)CC(=O)O,KCXVZYZYPLLWCC-UHFFFAOYSA-N,2-[2-[bis(carboxymethyl)amino]ethyl-(carboxymethyl)amino]acetic acid,292.24
16402,Hexamethylenediamine,C6H16N2,InChI=1S/C6H16N2/c7-5-3-1-2-4-6-8/h1-8H2,C(CCCN)CCN,NAQMVNRVTILPCV-UHFFFAOYSA-N,"hexane-1,6-diamine",116.2
6363,Isopropylamine,C3H9N,"InChI=1S/C3H9N/c1-3(2)4/h3H,4H2,1-2H3",CC(C)N,JJWLVOIRVHMVIS-UHFFFAOYSA-N,propan-2-amine,59.11
7955,Melamine,C3H6N6,"InChI=1S/C3H6N6/c4-1-7-2(5)9-3(6)8-1/h(H6,4,5,6,7,8,9)",C1(=NC(=NC(=N1)N)N)N,JDSHMPZPIAZGSV-UHFFFAOYSA-N,"1,3,5-triazine-2,4,6-triamine",126.12
6329,Methylamine,CH5N,"InChI=1S/CH5N/c1-2/h2H2,1H3",CN,BAVYZALUXZFZLV-UHFFFAOYSA-N,methanamine,31.057
674,Dimethylamine,C2H7N,"InChI=1S/C2H7N/c1-3-2/h3H,1-2H3",CNC,ROSDSFDQCJNGOL-UHFFFAOYSA-N,N-methylmethanamine,45.08
1146,Trimethylamine,C3H9N,InChI=1S/C3H9N/c1-4(2)3/h1-3H3,CN(C)C,GETQZCLCWQTVFV-UHFFFAOYSA-N,"N,N-dimethylmethanamine",59.11
7567,Bis(p-(dimethylamino)phenyl)methane,C17H22N2,"InChI=1S/C17H22N2/c1-18(2)16-9-5-14(6-10-16)13-15-7-11-17(12-8-15)19(3)4/h5-12H,13H2,1-4H3",CN(C)C1=CC=C(C=C1)CC2=CC=C(C=C2)N(C)C,JNRLEMMIVRBKJE-UHFFFAOYSA-N,"4-[[4-(dimethylamino)phenyl]methyl]-N,N-dimethylaniline",254.37
7539,"1,2,3-Triphenylguanidine",C19H17N3,"InChI=1S/C19H17N3/c1-4-10-16(11-5-1)20-19(21-17-12-6-2-7-13-17)22-18-14-8-3-9-15-18/h1-15H,(H2,20,21,22)",C1=CC=C(C=C1)NC(=NC2=CC=CC=C2)NC3=CC=CC=C3,FUPAJKKAHDLPAZ-UHFFFAOYSA-N,"1,2,3-triphenylguanidine",287.4
6975,"Benzene, 4-chloro-1-methyl-2-nitro-",C7H6ClNO2,"InChI=1S/C7H6ClNO2/c1-5-2-3-6(8)4-7(5)9(10)11/h2-4H,1H3",CC1=C(C=C(C=C1)Cl)[N+](=O)[O-],SQFLFRQWPBEDHM-UHFFFAOYSA-N,4-chloro-1-methyl-2-nitrobenzene,171.58
7504,Benzylamine,C7H9N,"InChI=1S/C7H9N/c8-6-7-4-2-1-3-5-7/h1-5H,6,8H2",C1=CC=C(C=C1)CN,WGQKYBSKWIADBV-UHFFFAOYSA-N,phenylmethanamine,107.15
7505,Benzonitrile,C7H5N,InChI=1S/C7H5N/c8-6-7-4-2-1-3-5-7/h1-5H,C1=CC=C(C=C1)C#N,JFDZBHWFFUWGJE-UHFFFAOYSA-N,benzonitrile,103.12
6556,Isopentane,C5H12,"InChI=1S/C5H12/c1-4-5(2)3/h5H,4H2,1-3H3",CCC(C)C,QWTDNUCVQCZILF-UHFFFAOYSA-N,2-methylbutane,72.15
6385,Tert-Butylamine,C4H11N,"InChI=1S/C4H11N/c1-4(2,3)5/h5H2,1-3H3",CC(C)(C)N,YBRBMKDOPFTVDT-UHFFFAOYSA-N,2-methylpropan-2-amine,73.14
7241,2-Fluorotoluene,C7H7F,"InChI=1S/C7H7F/c1-6-4-2-3-5-7(6)8/h2-5H,1H3",CC1=CC=CC=C1F,MMZYCBHLNZVROM-UHFFFAOYSA-N,1-fluoro-2-methylbenzene,110.13
11574,1-Methylcyclohexene,C7H12,"InChI=1S/C7H12/c1-7-5-3-2-4-6-7/h5H,2-4,6H2,1H3",CC1=CCCCC1,CTMHWPIWNRWQEG-UHFFFAOYSA-N,1-methylcyclohexene,96.17
7934,m-Toluidine,C7H9N,"InChI=1S/C7H9N/c1-6-3-2-4-7(8)5-6/h2-5H,8H2,1H3",CC1=CC(=CC=C1)N,JJYPMNFTHPTTDI-UHFFFAOYSA-N,3-methylaniline,107.15
11995,2-Iodoaniline,C6H6IN,"InChI=1S/C6H6IN/c7-5-3-1-2-4-6(5)8/h1-4H,8H2",C1=CC=C(C(=C1)N)I,UBPDKIDWEADHPP-UHFFFAOYSA-N,2-iodoaniline,219.02
6348,Carbon Disulfide,CS2,InChI=1S/CS2/c2-1-3,C(=S)=S,QGJOPFRUJISHPQ-UHFFFAOYSA-N,methanedithione,76.15
13867,N-Phenyl-beta-bromoethylamine hydrobromide,C8H11Br2N,"InChI=1S/C8H10BrN.BrH/c9-6-7-10-8-4-2-1-3-5-8;/h1-5,10H,6-7H2;1H",C1=CC=C(C=C1)[NH2+]CCBr.[Br-],MXNALQRSXHOIEA-UHFFFAOYSA-N,2-bromoethyl(phenyl)azanium bromide,280.99
13986,Bunamidine,C25H38N2O,"InChI=1S/C25H38N2O/c1-4-7-10-13-20-28-24-17-16-23(21-14-11-12-15-22(21)24)25(26)27(18-8-5-2)19-9-6-3/h11-12,14-17,26H,4-10,13,18-20H2,1-3H3",CCCCCCOC1=CC=C(C2=CC=CC=C21)C(=N)N(CCCC)CCCC,FGGFIMIICGZCCJ-UHFFFAOYSA-N,"N,N-dibutyl-4-hexoxynaphthalene-1-carboximidamide",382.6
14422,Quaterphenyl,C24H18,InChI=1S/C24H18/c1-3-9-19(10-4-1)21-13-7-15-23(17-21)24-16-8-14-22(18-24)20-11-5-2-6-12-20/h1-18H,C1=CC=C(C=C1)C2=CC(=CC=C2)C3=CC=CC(=C3)C4=CC=CC=C4,OWPJBAYCIXEHFA-UHFFFAOYSA-N,1-phenyl-3-(3-phenylphenyl)benzene,306.4
14942,Orthosilicic acid,H4O4Si,"InChI=1S/H4O4Si/c1-5(2,3)4/h1-4H",O[Si](O)(O)O,RMAQACBXLXPBSY-UHFFFAOYSA-N,silicic acid,96.11
5364519,"3-Octen-1-ol, (3Z)-",C8H16O,"InChI=1S/C8H16O/c1-2-3-4-5-6-7-8-9/h5-6,9H,2-4,7-8H2,1H3/b6-5-",CCCC/C=C\CCO,YDXQPTHHAPCTPP-WAYWQWQTSA-N,(Z)-oct-3-en-1-ol,128.21
3032639,Chloro(triethylphosphine)gold,C6H15AuClP,"InChI=1S/C6H15P.Au.ClH/c1-4-7(5-2)6-3;;/h4-6H2,1-3H3;;1H/q;+1;/p-1",CCP(CC)CC.[Cl-].[Au+],SYBBXLKWGHAVHP-UHFFFAOYSA-M,gold(1+);triethylphosphane;chloride,350.58
16683076,Azidomercury,HgN3,InChI=1S/Hg.N3/c;1-3-2/q+1;-1,[N-]=[N+]=N[Hg],NZJRLCPXRZLFGU-UHFFFAOYSA-N,azidomercury,242.61
3032634,Phenolphthalein glucuronide,C26H22O10,"InChI=1S/C26H22O10/c27-15-9-5-13(6-10-15)26(18-4-2-1-3-17(18)24(33)36-26)14-7-11-16(12-8-14)34-25-21(30)19(28)20(29)22(35-25)23(31)32/h1-12,19-22,25,27-30H,(H,31,32)/t19-,20-,21+,22-,25+,26?/m0/s1",C1=CC=C2C(=C1)C(=O)OC2(C3=CC=C(C=C3)O)C4=CC=C(C=C4)O[C@H]5[C@@H]([C@H]([C@@H]([C@H](O5)C(=O)O)O)O)O,FXJYOZKDDSONLX-XADSOVDISA-N,"(2S,3S,4S,5R,6S)-3,4,5-trihydroxy-6-[4-[1-(4-hydroxyphenyl)-3-oxo-2-benzofuran-1-yl]phenoxy]oxane-2-carboxylic acid",494.4
16683082,o-Anisidine antimonyl tartrate,C15H13NO13Sb2-2,"InChI=1S/C7H9NO.2C4H4O6.2Sb/c1-9-7-5-3-2-4-6(7)8;2*5-1(3(7)8)2(6)4(9)10;;/h2-5H,8H2,1H3;2*1-2H,(H,7,8)(H,9,10);;/q;2*-2;2*+3/p-4",COC1=CC=CC=C1N.C12C3C(=O)O[Sb-]4(O3)OC(C5C(=O)O[Sb-](O1)(O5)OC2=O)C(=O)O4,YUPMPOGSJOWVJW-UHFFFAOYSA-J,"2-methoxyaniline;2,7,9,14,15,16,17,18-octaoxa-1,8-distibanuidapentacyclo[10.2.1.11,4.15,8.18,11]octadecane-3,6,10,13-tetrone",658.78
13195,4-Methylimidazole,C4H6N2,"InChI=1S/C4H6N2/c1-4-2-5-3-6-4/h2-3H,1H3,(H,5,6)",CC1=CN=CN1,XLSZMDLNRCVEIJ-UHFFFAOYSA-N,5-methyl-1H-imidazole,82.1
6535,Triethyl Phosphate,C6H15O4P,"InChI=1S/C6H15O4P/c1-4-8-11(7,9-5-2)10-6-3/h4-6H2,1-3H3",CCOP(=O)(OCC)OCC,DQWPFSLDHJDLRL-UHFFFAOYSA-N,triethyl phosphate,182.15
31357,Tributyl Phosphate,C12H27O4P,"InChI=1S/C12H27O4P/c1-4-7-10-14-17(13,15-11-8-5-2)16-12-9-6-3/h4-12H2,1-3H3",CCCCOP(=O)(OCCCC)OCCCC,STCOOQWBFONSKY-UHFFFAOYSA-N,tributyl phosphate,266.31
8289,Triphenyl Phosphate,C18H15O4P,"InChI=1S/C18H15O4P/c19-23(20-16-10-4-1-5-11-16,21-17-12-6-2-7-13-17)22-18-14-8-3-9-15-18/h1-15H",C1=CC=C(C=C1)OP(=O)(OC2=CC=CC=C2)OC3=CC=CC=C3,XZZNDPSIHUTMOC-UHFFFAOYSA-N,triphenyl phosphate,326.3
16589,Methiocarb sulfone,C11H15NO4S,"InChI=1S/C11H15NO4S/c1-7-5-9(16-11(13)12-3)6-8(2)10(7)17(4,14)15/h5-6H,1-4H3,(H,12,13)",CC1=CC(=CC(=C1S(=O)(=O)C)C)OC(=O)NC,RJBJMKAMQIOAML-UHFFFAOYSA-N,"(3,5-dimethyl-4-methylsulfonylphenyl) N-methylcarbamate",257.31
15572,"1,3-Dioxolane-4-methanol, 2-phenyl-",C10H12O3,"InChI=1S/C10H12O3/c11-6-9-7-12-10(13-9)8-4-2-1-3-5-8/h1-5,9-11H,6-7H2",C1C(OC(O1)C2=CC=CC=C2)CO,AUDDNHGBAJNKEH-UHFFFAOYSA-N,"(2-phenyl-1,3-dioxolan-4-yl)methanol",180.2
6510,Trimethylolpropane,C6H14O3,"InChI=1S/C6H14O3/c1-2-6(3-7,4-8)5-9/h7-9H,2-5H2,1H3",CCC(CO)(CO)CO,ZJCCRDAZUWHFQH-UHFFFAOYSA-N,"2-ethyl-2-(hydroxymethyl)propane-1,3-diol",134.17
6169,Yohimbine Hydrochloride,C21H27ClN2O3,"InChI=1S/C21H26N2O3.ClH/c1-26-21(25)19-15-10-17-20-14(13-4-2-3-5-16(13)22-20)8-9-23(17)11-12(15)6-7-18(19)24;/h2-5,12,15,17-19,22,24H,6-11H2,1H3;1H/t12-,15-,17-,18-,19+;/m0./s1",COC(=O)[C@H]1[C@H](CC[C@@H]2[C@@H]1C[C@H]3C4=C(CCN3C2)C5=CC=CC=C5N4)O.Cl,PIPZGJSEDRMUAW-VJDCAHTMSA-N,"methyl (1S,15R,18S,19R,20S)-18-hydroxy-1,3,11,12,14,15,16,17,18,19,20,21-dodecahydroyohimban-19-carboxylate;hydrochloride",390.9
