Gene,Degree,Degree_Centrality,Betweenness_Centrality,Closeness_Centrality,Eigenvector_Centrality,PageRank,Zscore_Degree,Zscore_Betweenness,Zscore_Eigenvector,Zscore_PageRank,Composite_Score
TP53,224,0.49777777777777776,0.27871081765673916,0.6199167467178994,0.2699986104818772,0.03127076785170617,9.509024541611085,16.71094716996281,6.760627085751197,10.764620035684464,11.010944806341714
EGFR,150,0.3333333333333333,0.12999841884588278,0.5522749964341748,0.17999061040412007,0.020796888449666324,6.134352220771779,7.683425697257728,4.213189299456955,6.883936571411038,6.287304875758153
CTNNB1,127,0.2822222222222222,0.08113544525233957,0.5377777777777778,0.17472380010688224,0.01758371045273637,5.085467580510914,4.717220143025685,4.064126198923263,5.693420026221029,4.9107279339640995
AKT1,126,0.28,0.05760284694944432,0.5324532453245324,0.18427287048410324,0.016266163000388204,5.039863900499572,3.2886840008703255,4.334387316622813,5.20525471368866,4.494051771454727
STAT3,129,0.2866666666666667,0.052276752515284554,0.5371063947842974,0.1799932089951268,0.016796849002909106,5.176674940533598,2.96536575535412,4.213262845685245,5.401879509110989,4.476206138984535
BRCA1,106,0.23555555555555555,0.07413971853195042,0.5121693121693122,0.1853247017055254,0.011528306150540076,4.127790300272733,4.292547595944968,4.364156610418254,3.449828474035813,4.080660520972512
MYC,98,0.21777777777777776,0.041344013607796104,0.5127797642696332,0.1627021572817705,0.012518496071773626,3.762960860181997,2.3016985962468373,3.723885474103619,3.816704347465564,3.4005789144392446
CCND1,92,0.20444444444444446,0.03268480429628778,0.5127797642696332,0.14813660167976658,0.011890695114875066,3.4893387801139446,1.7760450621678578,3.3116460433101333,3.5840974308901448,3.044428533421901
EP300,88,0.19555555555555557,0.03723733304742585,0.49909770559422534,0.12012730791771066,0.012478013720431579,3.3069240600685768,2.052404339434832,2.5189172499224726,3.8017052067061816,2.9346489972084404
JUN,83,0.18444444444444444,0.03175284413600118,0.5031838856400259,0.13200524785176648,0.01095057236782362,3.078905660011867,1.7194708260855418,2.8550908454385073,3.23577197679342,2.725657251971924
ATM,83,0.18444444444444444,0.03155513629547704,0.4707026501337223,0.14736774369955857,0.008345321003781185,3.078905660011867,1.7074690576390261,3.2898855568046703,2.270498700232087,2.616561096821261
PTEN,78,0.17333333333333334,0.023143239023273195,0.4916825396825397,0.15023110734018447,0.00893603208336937,2.850887259955157,1.1968284933132904,3.370925472453613,2.4893634236768234,2.4690754435387148
ERBB2,77,0.1711111111111111,0.02742408698120042,0.49909770559422534,0.11337599613748937,0.010116637069391296,2.805283579943815,1.4566955062227247,2.327839271063577,2.9267900992409674,2.396949003596925
SRC,69,0.15333333333333332,0.029345213980757286,0.4774941423110124,0.1091236453231619,0.009565674509657243,2.4404541398530792,1.5733166849473799,2.2074877563577875,2.7226526242021296,2.233516196297406
ESR1,61,0.13555555555555557,0.015696058619860297,0.4888888888888889,0.1288658546541355,0.007298116011740564,2.0756246997623435,0.7447506468088704,2.766238645069969,1.882498138040664,1.8424036632411642
SMAD3,52,0.11555555555555555,0.031071810224870194,0.47277167277167276,0.08573375789150271,0.0075111417371287745,1.6651915796602657,1.6781289587931256,1.5454990108118019,1.9614264298651698,1.7037343807147687
FN1,55,0.12222222222222222,0.027952119086148246,0.43945068664169784,0.06500079664862887,0.008362208805321864,1.8020026196942915,1.4887494654340003,0.9587075162086149,2.2767558099114367,1.6499809484755126
CD44,55,0.12222222222222222,0.016159313328351754,0.4666184622800675,0.08304812942221243,0.007973322798662053,1.8020026196942915,0.7728723223495723,1.4694894179233102,2.1326694176967105,1.5443507646043995
BRCA2,56,0.12444444444444444,0.008731574839985696,0.44582613701784685,0.11924298621344295,0.005216793661189314,1.8476062997056335,0.32197468883989433,2.4938888688591723,1.1113461207629107,1.4482028750313618
HIF1A,48,0.10666666666666666,0.006887878968693657,0.4656084656084656,0.10634602143230402,0.005883884575823126,1.4827768596148976,0.21005393307025816,2.128874476987373,1.3585103836130532,1.268962356252864
NFKB1,49,0.10888888888888888,0.004618758169913021,0.478556420714374,0.10327007259293228,0.005945841292992924,1.5283805396262395,0.07230794215790877,2.041817900956862,1.3814660047914558,1.2376669555583246
MDM2,47,0.10444444444444445,0.008527462756150203,0.4701882210078931,0.09884045187092969,0.005908198065978248,1.4371731796035556,0.30958415358931923,1.9164492315448867,1.3675187897233414,1.23720025551222
PIK3R1,49,0.10888888888888888,0.004222032255929755,0.4651051051051051,0.08146079675796959,0.006083060991693851,1.5283805396262395,0.048224868144573545,1.4245641756690877,1.4323073592964122,1.1183637128984272
MSH2,47,0.10444444444444445,0.005812428615236942,0.43544759334233013,0.09721846542116225,0.004415564096815249,1.4371731796035556,0.14476918723674526,1.870543205775785,0.8144820647429531,1.0762079637741784
FANCI,46,0.10222222222222223,0.013573770772922341,0.36336336336336333,0.06780856231433607,0.00517401109705377,1.3915694995922137,0.6159180863586735,1.0381738785953256,1.0954947267543365,1.0677625675168756
KRAS,44,0.09777777777777778,0.004296411400880385,0.4636015325670498,0.09912595012942846,0.0049454313341778175,1.3003621395695297,0.05274002178026513,1.924529502754031,1.0108034989856176,1.0553783546423314
WRN,48,0.10666666666666666,0.002346795123314724,0.4132778311452663,0.08992107729260176,0.0045394715923628955,1.4827768596148976,-0.06561058617169604,1.6640099837967324,0.8603911067143204,1.0074494724245007
EGF,43,0.09555555555555556,0.009475925401054373,0.4523892978151653,0.06435230488383174,0.005992805851047105,1.2547584595581878,0.3671601658209637,0.9403536762797452,1.3988668719250104,0.9987996119415579
RAD51,46,0.10222222222222223,0.0030608902902370546,0.41972899728997287,0.09553227457139714,0.00419626815172188,1.3915694995922137,-0.02226174972971641,1.822820044702498,0.7332305899799052,0.9926940143613263
MLH1,45,0.1,0.003588495228619646,0.4148719597128469,0.09124290973958338,0.004277814614303444,1.3459658195808717,0.009766278521054952,1.7014209463743006,0.7634444197141518,0.9665026797012595
CREBBP,41,0.09111111111111111,0.005266602080827395,0.4661129168171422,0.08171719463499677,0.005412466872920711,1.1635510995355038,0.11163502492643579,1.4318208377402415,1.1838451221376467,0.958284833044613
ERCC4,49,0.10888888888888888,0.001123088906627452,0.361531279178338,0.07751090069481692,0.004792785062234009,1.5283805396262395,-0.1398951396841271,1.312772840737555,0.9542464353917829,0.9533632591740197
MSH6,44,0.09777777777777778,0.0025789597403121523,0.414472275743952,0.08842797219396654,0.0041388790870623806,1.3003621395695297,-0.051517134099738536,1.621751602942963,0.7119673325271924,0.9089912524184318
ERCC1,47,0.10444444444444445,0.0014906892883634253,0.36122772646702117,0.0742508223792748,0.004722692690600328,1.4371731796035556,-0.11758011843484426,1.2205049681027225,0.9282764679012696,0.9033718704533319
FANCD2,45,0.1,0.001291719450265133,0.3609246830723341,0.07780091343507249,0.004295672080381711,1.3459658195808717,-0.1296584958950689,1.3209808823826925,0.7700608003944812,0.8568817494349726
BCL2,37,0.08222222222222222,0.0015349924546499978,0.4631024997009927,0.09211467697784478,0.004421234070979109,0.9811363794901359,-0.11489071399944448,1.7260940065654167,0.8165828503388104,0.8232104257025319
CHEK2,40,0.08888888888888889,0.002527829696882569,0.41367521367521365,0.08622534598737222,0.0037033027821989214,1.1179474195241619,-0.05462096114208202,1.5594121084212207,0.5505816893639013,0.7996251161049606
CDKN1A,33,0.07333333333333333,0.011102720241122452,0.4547803617571059,0.07039487451324775,0.004651067147601833,0.7987216594447679,0.46591403885262045,1.1113725877875045,0.9017384441505155,0.7986532969064278
PIK3CA,37,0.08222222222222222,0.002371027975697746,0.4591485829479426,0.08689683041678765,0.004186767080197114,0.9811363794901359,-0.06413954141025108,1.5784166947571394,0.729710342157321,0.7889882548518768
RUNX1,37,0.08222222222222222,0.007153627537410052,0.44261545496113397,0.05570521947285969,0.00530236012357688,0.9811363794901359,0.2261860843206673,0.6956208514397958,1.1430494030843716,0.767678304806548
CDKN2A,35,0.07777777777777778,0.003589824994248226,0.4567114885586223,0.08654919045037743,0.003992196383793711,0.8899290194674518,0.009847001365025346,1.5685776672740888,0.6576198344111848,0.7591764074919192
PALB2,39,0.08666666666666667,0.0021670355373393725,0.4116959064327485,0.08259088263523823,0.003574829966869489,1.0723437395128197,-0.0765228136341892,1.456548260006309,0.5029811479675124,0.7480954870157038
EXO1,39,0.08666666666666667,0.0011839221130811926,0.40818047649167194,0.08191155421434362,0.0035215632862275878,1.0723437395128197,-0.13620228635174875,1.4373216702898892,0.483245277538882,0.7253831268073039
BLM,38,0.08444444444444445,0.0021276856786041913,0.41647843390340966,0.0820975633739311,0.0035239845162569226,1.0267400595014777,-0.07891152968961085,1.4425861663493578,0.4841423689581523,0.7249768454646166
BARD1,38,0.08444444444444445,0.001978669854257133,0.4101260459697066,0.08066210098186795,0.003563010051965955,1.0267400595014777,-0.08795747047748624,1.4019592094656699,0.49860174406619107,0.7174818439125178
XRCC3,41,0.09111111111111111,0.0008475897207374212,0.35703088981097275,0.07064986333960802,0.0038779387764100396,1.1635510995355038,-0.15661919790807027,1.1185893704156242,0.6152861784064283,0.7148631951248193
PMS2,38,0.08444444444444445,0.0021618648148960867,0.4116959064327485,0.0770557325046095,0.0036301077625501485,1.0267400595014777,-0.07683670009059375,1.299890511990645,0.5234621578593814,0.704820379772874
MRE11,38,0.08444444444444445,0.0013961053216760017,0.4074074074074074,0.07957130877960691,0.0034386254859113618,1.0267400595014777,-0.12332179698399025,1.3710872284124929,0.45251594240946413,0.6932492057439111
TNF,35,0.07777777777777778,0.0013845414213675296,0.4472164472164472,0.07470749925035933,0.00431063014793891,0.8899290194674518,-0.12402377852135843,1.2334299960615964,0.7756029231551652,0.6822757960266208
HDAC1,33,0.07333333333333333,0.0047934956797547725,0.4467520479981539,0.05862686312201658,0.004809383299961521,0.7987216594447679,0.0829153066735585,0.7783102282009634,0.9603962586055859,0.6480227048353682
XRCC6,35,0.07777777777777778,0.001750356096948773,0.41647843390340966,0.0798272739698701,0.003340399301105377,0.8899290194674518,-0.10181715778732964,1.3783316444320595,0.41612209859061966,0.6449116159713115
FANCM,38,0.08444444444444445,0.0005531027974897974,0.3558496461722268,0.06986293986488963,0.0035630722928169153,1.0267400595014777,-0.17449589846771926,1.0963175879886424,0.498624804961954,0.6347235247987068
RAD51C,37,0.08222222222222222,0.00041210103483326296,0.35467619309334064,0.07234641256621367,0.003346949366002907,0.9811363794901359,-0.18305534912717703,1.166605697880182,0.41854896714257295,0.6146648285443043
CASP3,31,0.06888888888888889,0.0014801803453417654,0.4533426999180424,0.07576635800474807,0.00378019901605508,0.7075142994220839,-0.11821805924907408,1.263398185544177,0.5790725600084861,0.5865696390959935
POLD1,36,0.08,0.00022174932264884637,0.3540923639689072,0.07019984252000981,0.0032778275652273784,0.9355326994787938,-0.19461056700310272,1.1058527243455727,0.3929386064544258,0.578542069226802
RPA1,34,0.07555555555555556,0.0009492587679155389,0.4066372610796051,0.07151816037445358,0.003182720648678031,0.8443253394561099,-0.15044742263009042,1.1431642157002875,0.3577004846254495,0.5580749532172632
RAD51D,35,0.07777777777777778,0.0002501600808051253,0.3529304530124875,0.06895318749296427,0.0031745955380672024,0.8899290194674518,-0.19288590428928387,1.0705694593066208,0.35469004492278366,0.548305581587168
IL1B,30,0.06666666666666667,0.00045208858608340486,0.4444444444444444,0.07658706975908874,0.0036243513725307086,0.6619106194107419,-0.18062792222506188,1.286626255636359,0.5213293542720117,0.5481028582191684
STAT1,28,0.06222222222222222,0.0009410033187867027,0.4676328502415459,0.07952564827428973,0.0034367141435164782,0.5707032593880579,-0.15094856607793558,1.369794928878165,0.45180776976954,0.5263295389958773
MAPK8,27,0.06,0.002439063850793949,0.4547803617571059,0.07102028398843772,0.0033555526577637154,0.5250995793767159,-0.06000945321144236,1.1290731447116562,0.4217365780356282,0.4789444340284469
NBN,31,0.06888888888888889,0.0009872701709354016,0.40548748560058645,0.06954629959380747,0.0028978488507935937,0.7075142994220839,-0.148139956946574,1.0873559246862656,0.25215246053108425,0.47849669260455585
PPARG,26,0.057777777777777775,0.003789819193802815,0.44307128962123815,0.06944926783881396,0.0032818916550695887,0.47949589936537396,0.021987562241807576,1.0846096981405433,0.3944443948679257,0.46913127394002657
HRAS,29,0.06444444444444444,0.0009832522291567086,0.43766248445800837,0.06522045248100161,0.0035100399670821153,0.6163069393994,-0.14838386435425,0.9649242921272314,0.4789757655133119,0.46739147422933613
MMP9,27,0.06,0.0003009836964691903,0.44536461927766274,0.07523951374526841,0.0033006038352618563,0.5250995793767159,-0.18980067881113524,1.2484872557053708,0.4013774561974742,0.4663076254596358
CDK1,26,0.057777777777777775,0.0076844166612273,0.4500232450023245,0.044144956253428215,0.004345174226075331,0.47949589936537396,0.25840740716297433,0.36843825301247285,0.7884018706766032,0.46379344130643974
NRAS,29,0.06444444444444444,0.0012164032919841862,0.43544759334233013,0.06095004285234241,0.0035197313858343813,0.6163069393994,-0.13423053051733114,0.8440616705646671,0.48256653900359514,0.44747543807410967
FOXO3,25,0.05555555555555555,0.0017871673932468785,0.44861545591472596,0.07525656799349936,0.003019794944580624,0.433892219354032,-0.09958254406025285,1.2489699309822666,0.2973347823363076,0.4362275834225628
ATR,30,0.06666666666666667,0.00066190321455362,0.404724574056653,0.06690431191548912,0.002801906844912494,0.6619106194107419,-0.16789121648331953,1.0125814686728258,0.2166049292429642,0.43553319225608783
NF1,27,0.06,0.002423501180983468,0.4372177055103884,0.06497126677353256,0.0031528072378142393,0.5250995793767159,-0.06095417831177126,0.9578717513923773,0.3466172484678396,0.4294441081759511
BRIP1,31,0.06888888888888889,9.965067645196338e-05,0.3529304530124875,0.06381225379232375,0.0028401300534262835,0.7075142994220839,-0.20202251220165005,0.9250689620782474,0.2307670336110983,0.428291575885186
RAD52,31,0.06888888888888889,6.676675741339478e-05,0.35235235235235235,0.06296055797547159,0.0028433477343378435,0.7075142994220839,-0.20401871620078627,0.9009639702508144,0.23195921853394239,0.42320996350448414
CDK4,27,0.06,0.0008861592694684614,0.43195002231146806,0.06933782038114883,0.003020333343207805,0.5250995793767159,-0.1542778502319773,1.0814554733538877,0.29753426474101075,0.4210133378428359
FOXO1,25,0.05555555555555555,0.0003011714906787886,0.4543001290625367,0.07562599936660609,0.0030442766932724445,0.433892219354032,-0.18978927884534116,1.259425706452021,0.3064055300199541,0.4175812043569709
MAPK1,26,0.057777777777777775,0.0003723677363010499,0.43900226757369615,0.06725133308711596,0.003249661147566685,0.47949589936537396,-0.18546734172866258,1.022402982810265,0.38250264981715687,0.4024378558711996
TGFB1,26,0.057777777777777775,0.0006260534664430575,0.4472164472164472,0.06519644213934914,0.0033021845832185734,0.47949589936537396,-0.17006745984599164,0.9642447430700976,0.4019631400898839,0.3985482764483793
SHC1,30,0.06666666666666667,0.0020259415631548217,0.4002067183462532,0.037190531556736385,0.004240461524848522,0.6619106194107419,-0.0850878619543387,0.171611701606087,0.7496047036907834,0.39464003236454903
XRCC1,29,0.06444444444444444,0.0016879581642078479,0.40548748560058645,0.05801050778073328,0.0028747683105377294,0.6163069393994,-0.10560499714823965,0.7608659245300348,0.2436008754421834,0.3901995394971737
MUS81,30,0.06666666666666667,7.926565982559402e-05,0.35235235235235235,0.06062992429768892,0.002761462686676589,0.6619106194107419,-0.20325997576748261,0.835001563668461,0.201619939434702,0.3881780234725216
BCL2L1,21,0.04666666666666667,0.012360130848297969,0.4358887763143082,0.04515065252987055,0.003289134221191606,0.2514774993086641,0.5422446027265955,0.39690181951690995,0.3971278424721768,0.38238420783749866
BRAF,25,0.05555555555555555,0.0011597637168984454,0.44035027863072895,0.06913644598745015,0.0028260952797386214,0.433892219354032,-0.1376688112819481,1.0757561050837678,0.22556700102680838,0.37770969517553943
MTOR,23,0.051111111111111114,0.006882135726342694,0.4315167725398417,0.058252893091449306,0.002916098290365407,0.342684859331348,0.20970529204193197,0.7677259980660234,0.25891407155028306,0.3776940376997161
PARP1,25,0.05555555555555555,0.0028395229107331037,0.45286549707602336,0.05726732053474604,0.003218422337077659,0.433892219354032,-0.03569976019695449,0.7398319800908261,0.37092833903363526,0.36508940054956485
AR,18,0.04,0.012897682009634223,0.4490837392716307,0.05753718729329572,0.00261180813112577,0.11466645927463812,0.5748764121146793,0.7474698431407804,0.14617133851171019,0.3625806001052913
CDH1,24,0.05333333333333333,0.0018552655834454539,0.43900226757369615,0.062100722702003286,0.0031125203923187557,0.38828853934269003,-0.09544867305026472,0.8766286126856029,0.33169054469926146,0.3537026519843482
GATA3,17,0.03777777777777778,0.017389862938857196,0.43900226757369615,0.04444233635003244,0.002704078467824538,0.06906277926329614,0.847572301106527,0.3768548081445387,0.18035847740507133,0.3475077051287074
SMAD4,24,0.05333333333333333,0.0013637041526779652,0.4408014571948998,0.06329962603752849,0.0029476949431271014,0.38828853934269003,-0.12528869585193567,0.9105603927095194,0.2706209666931484,0.3408150866874911
FGF2,23,0.051111111111111114,0.006009772438240452,0.4381081692690654,0.03919661179765481,0.003548838338879939,0.342684859331348,0.1567488581580366,0.22838848371033385,0.4933509739816493,0.3034748068438776
HSP90AA1,24,0.05333333333333333,0.0016375377263123402,0.4372177055103884,0.04885993671242346,0.003457653772625086,0.38828853934269003,-0.10866574789534993,0.5018832731496513,0.4595661245596446,0.3010244313379632
STK11,22,0.04888888888888889,0.004474133678852309,0.424701107820555,0.057400127211001434,0.002568234171343771,0.29708117932000605,0.06352857534673804,0.7435907209257836,0.13002672401805979,0.29458404558745527
FANCC,24,0.05333333333333333,0.0037514354485824646,0.4039645279081899,0.054657316310754475,0.002456434004161706,0.38828853934269003,0.01965749368699747,0.665962730948085,0.08860357568565225,0.2917286235184383
MSH3,27,0.06,0.00015546705591294873,0.3514887436456064,0.05379203263088056,0.0025568965245490517,0.5250995793767159,-0.1986342031693038,0.6414731706859937,0.1258260055687456,0.28758613724047244
PIK3R2,26,0.057777777777777775,0.0008011630636264041,0.3987230975182782,0.0441368245633633,0.0033077275383823477,0.47949589936537396,-0.15943750793014644,0.36820810708633395,0.40401686379831986,0.28240918197227505
SMARCA4,23,0.051111111111111114,0.0015000465601229494,0.43195002231146806,0.05568656817619767,0.0028474330723398805,0.342684859331348,-0.1170120893235495,0.6950929759416272,0.2334728796161375,0.2763998495466374
EZH2,21,0.04666666666666667,0.0009308143775674806,0.455743879472693,0.059224597555264026,0.002827965921264293,0.2514774993086641,-0.15156708132196473,0.7952275164432117,0.2262600935627835,0.2544228764287403
RAD50,24,0.05333333333333333,0.0003247856124174421,0.4009526768147458,0.055819645387344935,0.0022853363837102305,0.38828853934269003,-0.18835579385848475,0.6988593735493769,0.025210091669284878,0.23362593334905266
RAD51D-2,25,0.05555555555555555,0.000118319268725117,0.3494900261756476,0.05245560777471899,0.0023479291784831396,0.433892219354032,-0.20088924342945158,0.6036492086583102,0.04840138634951406,0.23205008491811313
POLE,25,0.05555555555555555,9.499432253565448e-05,0.3494900261756476,0.05220774028040432,0.002359603345430122,0.433892219354032,-0.20230517414039972,0.5966339764515531,0.05272678908629743,0.23115813634638135
CASP8,21,0.04666666666666667,0.0007723492846506701,0.4467520479981539,0.05571367203658461,0.0026906316971532273,0.2514774993086641,-0.16118663584747667,0.6958600788440856,0.17537630617805966,0.22196774280059234
CDK2,20,0.044444444444444446,0.00381078476618453,0.4315167725398417,0.03829724673310797,0.0033685987167931123,0.20587381929732207,0.023260268192198494,0.2029343402217513,0.4265702813470732,0.20377182811587724
XPA,23,0.051111111111111114,0.0029252371873526323,0.4109094768120556,0.04004877003736332,0.0027498112945282737,0.342684859331348,-0.030496512324634583,0.2525065631906033,0.1973029750025045,0.2022774803234347
KRT20,8,0.017777777777777778,0.03181303111472596,0.321541272213918,0.0026016066199176647,0.0027728666967046524,-0.3413703408387817,1.7231244504447742,-0.8073361063135094,0.2058452461661978,0.19100332128815764
E2F1,20,0.044444444444444446,0.0007712282935178646,0.44582613701784685,0.04983753934060847,0.0028768672183715595,0.20587381929732207,-0.16125468512650812,0.5295517234303779,0.2443785430676281,0.1865282187720369
PTGS2,19,0.042222222222222223,0.00014586002090613803,0.43766248445800837,0.05699049551811877,0.002403054202711415,0.1602701392859801,-0.19921739404986594,0.731997181995783,0.0688257927971076,0.16645479519620468
CXCL8,20,0.044444444444444446,0.001962037088678045,0.4358887763143082,0.04283239882709967,0.0028214075306617066,0.20587381929732207,-0.08896715527590483,0.3312897953018037,0.22383014024875672,0.16083803504519859
PDGFRA,20,0.044444444444444446,0.0009453172805437013,0.43022222222222223,0.04834958361700484,0.0025648854819446815,0.20587381929732207,-0.1506866889062596,0.48743908198332725,0.12878599906036128,0.15762918073623552
NOTCH1,18,0.04,0.0003339539900364308,0.4523892978151653,0.058011959729433044,0.0023367247481742934,0.11466645927463812,-0.18779923148381308,0.7609070180881445,0.04425002602187125,0.15421486169717324
SNAI1,19,0.042222222222222223,0.0002627639407428953,0.44261545496113397,0.0517892672834105,0.0026071481220305034,0.1602701392859801,-0.19212079245505206,0.5847902078513743,0.1444447556912279,0.15391134334485046
NFE2L2,18,0.04,0.0017344209020222186,0.43281913704448916,0.05197358627433658,0.0023579915858626594,0.11466645927463812,-0.10278449686276327,0.5900068681683581,0.05212961506302019,0.1428644331767082
SMAD2,19,0.042222222222222223,0.001828447495395911,0.43945068664169784,0.04304940926940934,0.0027828598744545053,0.1602701392859801,-0.09707665341814291,0.33743170046892784,0.20954782456726725,0.14122129040279632
RAD9A,21,0.04666666666666667,0.00015048329611205128,0.4005793503000207,0.05125174131457042,0.002053063706622986,0.2514774993086641,-0.19893674013983997,0.5695769605516374,-0.060849400002868814,0.14002845183282617
XRCC2,22,0.04888888888888889,1.651145592329232e-05,0.34864037457230324,0.04776831871771545,0.0020906229780151835,0.29708117932000605,-0.20706944241424874,0.4709879202308484,-0.0469332913837958,0.13702197792785042
TERT,19,0.042222222222222223,0.0011314989141973583,0.4310843910042307,0.05081372093032569,0.0022240259364404197,0.1602701392859801,-0.1393846138333572,0.5571799549851523,0.0024939203468591995,0.13318317035815602
SOX2,17,0.03777777777777778,0.003769926466459758,0.4417065936573123,0.043675159785285876,0.0025424554789251434,0.06906277926329614,0.020779982882748727,0.35514190964544445,0.12047544492083469,0.12449043937609666
H3C12,20,0.044444444444444446,0.001835183598719748,0.40548748560058645,0.027299570211880165,0.0033443671139038473,0.20587381929732207,-0.0966677411964011,-0.10832573340963741,0.4175922153377494,0.10974219784058484
IFNG,19,0.042222222222222223,0.0003740029395957761,0.43281913704448916,0.042473653224176455,0.0026192869578161603,0.1602701392859801,-0.18536807742404898,0.3211364522238106,0.1489423231636732,0.10376828447157756
H4C6,20,0.044444444444444446,0.0018034201942304688,0.40548748560058645,0.02730900806433632,0.003267075408840873,0.20587381929732207,-0.09859592484730091,-0.10805862002029969,0.38895481841441193,0.10358609522105994
MET,19,0.042222222222222223,0.00021311394953253953,0.42808181315644,0.045403660551913166,0.002401851761325677,0.1602701392859801,-0.1951347735713219,0.40406254073091463,0.06838027550372705,0.1017994186041909
IL6,17,0.03777777777777778,0.00017805531203796373,0.4358887763143082,0.05212626960362553,0.002193132797213974,0.06906277926329614,-0.197262992908222,0.5943281649645523,-0.008952315565711626,0.0919313943948663
IGF1,19,0.042222222222222223,0.0012624870275825617,0.4255412682712386,0.03518129345245961,0.0027703980342205004,0.1602701392859801,-0.13143303739649237,0.11474554455254589,0.20493058051907806,0.08717151441529472
PIK3R3,20,0.044444444444444446,0.000170595268811656,0.3879370804528604,0.03744654365376246,0.0024823052268645885,0.20587381929732207,-0.1977158515867943,0.1788574451972038,0.09818913823509863,0.07803619054382463
ERBB4,16,0.035555555555555556,0.006149256058616348,0.4193199047000216,0.03194558639898564,0.0025334175251466857,0.02345909925195416,0.16521615065081377,0.023167435870233934,0.1171267871377312,0.07757356700248043
MUTYH,20,0.044444444444444446,0.0008670877728151645,0.3950617283950617,0.039405601335009005,0.0020318583260828253,0.20587381929732207,-0.15543557713928943,0.2343033784300955,-0.06870621851844204,0.06631637445157104
RET,17,0.03777777777777778,0.0012378567736064012,0.43544759334233013,0.041165875276424055,0.0023737559811179395,0.06906277926329614,-0.1329282062487598,0.28412326498146806,0.05797049079236277,0.059358672334729856
MUC1,11,0.024444444444444446,0.012018635384169642,0.4341293867025451,0.03502191393298114,0.001905667505246165,-0.20455930080475573,0.5215142691437792,0.11023472984796273,-0.11546125673938483,0.05773750662599586
CHEK1,18,0.04,0.0018381600120435974,0.40934559678612964,0.037933415224672265,0.002228695073461739,0.11466645927463812,-0.09648705932046102,0.19263705407348827,0.0042238851608069235,0.05538368376286713
IL2,17,0.03777777777777778,0.00040582433859554575,0.42723160101511637,0.04239178105824656,0.002304301218394324,0.06906277926329614,-0.1834363732416203,0.3188192776509348,0.0322367641691522,0.04852408779576599
ERBB3,17,0.03777777777777778,5.164166822082609e-05,0.4105173876166242,0.044587992807393645,0.00216092658663845,0.06906277926329614,-0.20493687816007358,0.38097722796254535,-0.020885058347054203,0.044956187125233485
MMP2,17,0.03777777777777778,6.881261442225317e-05,0.4009526768147458,0.043453872199137114,0.002211616313688534,0.06906277926329614,-0.20389452334111058,0.3488789512627873,-0.0021039765700878676,0.042553336845415894
KIT,17,0.03777777777777778,0.0007008061143610566,0.4140733611378462,0.04095578738066193,0.0022437368586101705,0.06906277926329614,-0.16552963287515782,0.2781772841392637,0.009797026177429967,0.04038442658670293
GSK3B,16,0.035555555555555556,0.0005483293957397227,0.42344706911636043,0.040398378558378724,0.002362979043016136,0.02345909925195416,-0.1747856657442962,0.26240130539213763,0.053977520863854565,0.02779003355330835
IL10,17,0.03777777777777778,0.00043796880597260675,0.42386425834701696,0.03547072451009365,0.0024122737102762375,0.06906277926329614,-0.18148505733389853,0.12293712321341065,0.07224171818465626,0.0178364766882924
IGF1R,15,0.03333333333333333,6.136074563001743e-05,0.4310843910042307,0.04661613009411249,0.0020020764881262675,-0.02214458075938782,-0.2043468857942188,0.438378276263991,-0.07974070551770768,0.012890189434916231
PDGFRB,18,0.04,0.000575230976055223,0.39111111111111113,0.028237572581923262,0.0026536777019380464,0.11466645927463812,-0.17315261701473628,-0.08177806343566767,0.1616844588055892,0.01282638556642358
MLH3,18,0.04,3.932128571528438e-05,0.3477948441570107,0.04092977632220646,0.001793220206545879,0.11466645927463812,-0.20568478162010842,0.27744111009791467,-0.15712417416646812,0.012775452527385545
RELA,15,0.03333333333333333,0.0007645063963351398,0.43456790123456784,0.040178054974210155,0.0022671445852153484,-0.02214458075938782,-0.16166273497063405,0.25616563052948177,0.018469837280759654,0.006760806553604042
PTK2,16,0.035555555555555556,0.0011655646597117071,0.4315167725398417,0.03388350507532663,0.0024294674365846975,0.02345909925195416,-0.1373166675721606,0.07801508561927353,0.07861217623685504,0.005206970216369521
FASLG,17,0.03777777777777778,0.00044743357903158343,0.40320733104238254,0.03431955349478963,0.0022884955372266353,0.06906277926329614,-0.1809105024029888,0.09035627995126973,0.026380591571147978,0.0022917214458899873
CCL2,17,0.03777777777777778,0.0002836756682220457,0.3961530591364846,0.03043553161559539,0.0024325894185053608,0.06906277926329614,-0.1908513551360462,-0.019570660868494894,0.07976890366804153,-0.011501217481948576
ALK,16,0.035555555555555556,0.00016923728286901522,0.4156736446591519,0.038803665891866984,0.0020315968414426886,0.02345909925195416,-0.19779828753265255,0.2172671917417448,-0.06880310135241303,-0.011546069067112827
JAK2,16,0.035555555555555556,0.00027375951123447586,0.42428227043611655,0.03511008613312329,0.002285660306140114,0.02345909925195416,-0.19145331113196726,0.11273021018469692,0.02533010836692899,-0.012040579334482677
ERCC2,16,0.035555555555555556,0.0005388618633184193,0.39909297052154197,0.040113163171546076,0.0016875922558495288,0.02345909925195416,-0.17536038818109553,0.25432904011546953,-0.1962604507931193,-0.024015694442619882
HGF,16,0.035555555555555556,0.0008452815022875835,0.39578861289992845,0.029675579886382652,0.002336946475296051,0.02345909925195416,-0.15675931730488069,-0.041079079554431075,0.04433217827338738,-0.030328524844244954
CDKN1B,14,0.03111111111111111,0.0002663333975414452,0.43238414293690675,0.0428402096492466,0.0018611073075673827,-0.0677482607707298,-0.19190411013298297,0.33151085991230417,-0.1319712828394684,-0.03178000338843401
KDR,13,0.028888888888888888,0.0022064649694649866,0.43022222222222223,0.037264582720849516,0.0021003500863644594,-0.11335194078207178,-0.07412926711071961,0.1737075234598989,-0.04332929451909261,-0.032129850263243775
ARID1A,15,0.03333333333333333,1.1336764583766321e-05,0.4062532787745252,0.038824189501814745,0.00182871192583622,-0.02214458075938782,-0.2073835698007729,0.21784805810303404,-0.14397411554140543,-0.04482170720365324
TSC2,13,0.028888888888888888,0.0031145025901492427,0.4120902511707109,0.03412416937303881,0.0018096106913905007,-0.11335194078207178,-0.01900723838749838,0.08482645044544843,-0.15105132560039047,-0.05766996390158813
PTPN11,15,0.03333333333333333,0.000390480700655282,0.4002067183462532,0.028947196424548544,0.00226185239286249,-0.02214458075938782,-0.18436780210755713,-0.061694042135368964,0.016509023854791374,-0.06287955744879054
RB1,14,0.03111111111111111,0.00010243480128337777,0.4116959064327485,0.0373485017897071,0.0018449968672672571,-0.0677482607707298,-0.2018535031149884,0.17608263019278653,-0.13794037193005745,-0.06654681539595671
PLCG1,16,0.035555555555555556,0.0003807075992845489,0.3831008212130207,0.023908540314178633,0.0023833797750648835,0.02345909925195416,-0.18496107397449427,-0.2042998433598164,0.06153620857465908,-0.06658231071247107
CXCR4,14,0.03111111111111111,4.042823956871235e-05,0.3889893510146675,0.037153347759151224,0.001854842779405308,-0.0677482607707298,-0.2056175844680147,0.1705593128081521,-0.13429235700090122,-0.06786289622530892
TLR4,15,0.03333333333333333,0.00024408283281408293,0.3950617283950617,0.029639206113524292,0.0021591369564472208,-0.02214458075938782,-0.1932548209846824,-0.04210854275025169,-0.02154813532394929,-0.06879564412679655
PLCG2,15,0.03333333333333333,0.00040359453313670255,0.38969404186795487,0.026507217020379392,0.0022403907939343186,-0.02214458075938782,-0.1835717326119258,-0.13075118957326917,0.00855727370754388,-0.07808231959191225
CBL,14,0.03111111111111111,0.0003086874320282916,0.40282979608822306,0.03210150739330084,0.0020297449063501963,-0.0677482607707298,-0.1893330268955187,0.02758036619033842,-0.06948926295638788,-0.079426927346845
FGFR2,15,0.03333333333333333,0.0001568375539162823,0.3932561446272598,0.031020896096992028,0.0019081269727292956,-0.02214458075938782,-0.19855100768424458,-0.0030034713144984175,-0.11454999793771826,-0.08089904903729021
CD274,13,0.028888888888888888,2.8630678995916447e-05,0.41972899728997287,0.03835941474818766,0.001733366636103906,-0.11335194078207178,-0.20633375025007508,0.20469384105030095,-0.179300557164219,-0.0861779600590275
RHOA,13,0.028888888888888888,0.0018704442611464933,0.4013266998341625,0.027750100644829582,0.002163766850866972,-0.11335194078207178,-0.09452725802388429,-0.0955746640849178,-0.019832710310313802,-0.08638646865874253
PRKDC,13,0.028888888888888888,0.0015984239463099096,0.4255412682712386,0.03287496618774012,0.0017356019382634069,-0.11335194078207178,-0.11104013289400565,0.04947106654357438,-0.17847235399373562,-0.09323346998725877
FBXW7,12,0.026666666666666665,5.155712567496469e-05,0.42808181315644,0.039271177434718106,0.0016754002878868325,-0.15895562079341377,-0.20494201027854,0.2304988663568769,-0.20077770430098119,-0.10092573743615069
CAV1,13,0.028888888888888888,0.000806995321558476,0.40282979608822306,0.029953589067734557,0.001996435154278787,-0.11335194078207178,-0.15908346324969516,-0.03321076681666606,-0.08183087957242317,-0.10245237436396676
ERCC5,15,0.03333333333333333,0.0008828351952936601,0.3689727463312369,0.027078006880913285,0.0017655199591425517,-0.02214458075938782,-0.15447963670862508,-0.11459649601823499,-0.16738740977651723,-0.10276729360189246
CDK6,12,0.026666666666666665,5.579548570200429e-05,0.4222004143495802,0.03792876237113679,0.0017194975206347592,-0.15895562079341377,-0.2046847224769908,0.1925053673911921,-0.18443921162063126,-0.10519241674283036
PGR,12,0.026666666666666665,0.0004604792638614637,0.42808181315644,0.03493023543752884,0.0018589834563276213,-0.15895562079341377,-0.1801185697808967,0.107640013119405,-0.13275819226150293,-0.10568774555133857
DNMT1,12,0.026666666666666665,0.0002722932013485637,0.4372177055103884,0.03458215417005969,0.0017948294163898084,-0.15895562079341377,-0.19154232283567565,0.09778849577998981,-0.15652794484281687,-0.11526793779917915
FGFR3,14,0.03111111111111111,0.00012374058138405806,0.4017014213092644,0.028539944587026845,0.0018233404412442591,-0.0677482607707298,-0.20056014500302455,-0.07322022556955587,-0.14596430758338774,-0.11768883415110029
IL4,13,0.028888888888888888,0.0015927949766769555,0.41367521367521365,0.020854718486427795,0.0022200769767350514,-0.11335194078207178,-0.11138183704669925,-0.2907301729960938,0.0010307888707873861,-0.12545851536046124
AURKA,12,0.026666666666666665,9.984787224420034e-05,0.42096107849532505,0.034571332102889735,0.0016770529327974817,-0.15895562079341377,-0.20201054151687203,0.09748220586341852,-0.20016538182418975,-0.12667373784906708
NPM1,12,0.026666666666666665,0.0002296455391005089,0.4276562845151314,0.03126365044815494,0.001890965681586133,-0.15895562079341377,-0.19413123061864176,0.003867046932829745,-0.12090843841698166,-0.12757555322918562
MCL1,12,0.026666666666666665,1.7188507174603098e-05,0.41972899728997287,0.033055048263048614,0.0017754831446180777,-0.15895562079341377,-0.20702834231258807,0.054567812198169904,-0.1636959438313553,-0.12921717918247894
YAP1,12,0.026666666666666665,0.0005311427180720145,0.42386425834701696,0.030878360192261926,0.0018335926143119114,-0.15895562079341377,-0.17582897553507587,-0.007037572164416418,-0.1421657686686892,-0.1294323793280849
CDX2,5,0.011111111111111112,0.016148581209271633,0.24347607369678675,7.537463701756472e-05,0.0024739714321663693,-0.47818138087280765,0.772220833729806,-0.8788344042939694,0.09510137886355856,-0.13105487995911336
GSTP1,8,0.017777777777777778,0.01211868528867976,0.37738791423001944,0.013230203462035487,0.0016080701128848933,-0.3413703408387817,0.5275877550705037,-0.5065218543858123,-0.22572424862779233,-0.1340319011286686
ZEB1,11,0.024444444444444446,0.0001553144642534372,0.4293634952317587,0.03568778501734653,0.0016564783903716992,-0.20455930080475573,-0.19864346617960968,0.12908044533600516,-0.2077884681241118,-0.13699822638418827
FGFR1,14,0.03111111111111111,3.521195466082061e-05,0.3718428886968213,0.02430352719212306,0.00183702022817377,-0.0677482607707298,-0.20593423677401126,-0.19312078708596553,-0.14089580136001098,-0.14199876815245355
NTRK2,14,0.03111111111111111,0.0001863870415227643,0.3741062801932367,0.019118829777087256,0.0020897115929800142,-0.0677482607707298,-0.1967572188945537,-0.33985990021095747,-0.04727096921068378,-0.1503273698777221
ITGB1,12,0.026666666666666665,6.94856616450562e-05,0.3889893510146675,0.02864665459065464,0.0017043864921956887,-0.15895562079341377,-0.2038536663022585,-0.07020008185808352,-0.19003800801122608,-0.15864550182712137
XRCC4,14,0.03111111111111111,4.9466110800806834e-05,0.34751391132651227,0.023293453911331974,0.001669264960419625,-0.0677482607707298,-0.20506894442678286,-0.22170823309288187,-0.20305090823392483,-0.15993095564181248
SHC4,14,0.03111111111111111,0.00018235003569974447,0.37024287626697266,0.018792205360735368,0.001974999542560703,-0.0677482607707298,-0.19700228357674676,-0.34910413827226644,-0.0897730011825646,-0.1607378900549083
CASP9,11,0.024444444444444446,4.030031418239369e-05,0.41972899728997287,0.030986205840439877,0.0016498381862225218,-0.20455930080475573,-0.20562535012293742,-0.003985287045109573,-0.21024873422533252,-0.16584889706648728
AXIN1,10,0.022222222222222223,0.002007561196208174,0.4116959064327485,0.02351289629724598,0.0019434407785067008,-0.2501629808160977,-0.08620363413348366,-0.2154974982103273,-0.10146585815716568,-0.1725006230925037
FLNA,7,0.015555555555555555,0.012193746886738265,0.3543840380743182,0.0068235077231216,0.0017675991468937946,-0.38697402085012367,0.5321443367252087,-0.6878463899437659,-0.166617048650935,-0.17329751083518127
ABL1,11,0.024444444444444446,0.0005045381907313074,0.42054958183990443,0.026194633287238627,0.0018068761003748087,-0.20455930080475573,-0.17744399179303344,-0.13959804332511117,-0.15206452059040343,-0.1742892660130258
ABRAXAS1,12,0.026666666666666665,0.0,0.34445334045013787,0.02909189865992014,0.0012927396235650555,-0.15895562079341377,-0.2080717631627879,-0.0575986290406618,-0.3425575411179103,-0.18768364210010624
VIM,10,0.022222222222222223,0.0005216052970640052,0.4222004143495802,0.028476327977561347,0.0016157972269692936,-0.2501629808160977,-0.17640794052812625,-0.07502072502125275,-0.22286127086159366,-0.191235427594235
NFKBIA,10,0.022222222222222223,0.0006474885133562183,0.4156736446591519,0.02650636147882605,0.001644411866842655,-0.2501629808160977,-0.16876625464841352,-0.130775403408471,-0.21225924313812508,-0.1983555362570568
MAP2K1,11,0.024444444444444446,3.0303781255675805e-05,0.37508476218153636,0.026740425137214918,0.0015202992389872702,-0.20455930080475573,-0.20623218530527704,-0.12415085217676977,-0.2582442888063148,-0.19963282980460068
AKT2,10,0.022222222222222223,0.00015575105323729422,0.41527241527241526,0.028380962814889117,0.001575155751452605,-0.2501629808160977,-0.19861696323528202,-0.0777197830902851,-0.23791936881626083,-0.2003391144757639
FANCA,11,0.024444444444444446,0.0009925631194343243,0.37905041605482137,0.02649073619148055,0.0013250939214534108,-0.20455930080475573,-0.1478186508106363,-0.131217635736389,-0.33056993041570343,-0.20090793121474204
TWIST1,9,0.02,0.0019652403479814527,0.41972899728997287,0.027452232945080396,0.0014819302337114972,-0.2957666608274397,-0.08877270281346468,-0.10400501953112375,-0.2724604124219173,-0.2010045933835783
RAF1,10,0.022222222222222223,2.867474252090083e-05,0.3979854044608901,0.03029648583439301,0.0014314574551524972,-0.2501629808160977,-0.20633107539296067,-0.023505983026011337,-0.29116111248074167,-0.20207323123522497
FAS,11,0.024444444444444446,0.0001822582825194682,0.4002067183462532,0.024227426048109388,0.0015849008786648323,-0.20455930080475573,-0.19700785341363833,-0.19527462818534744,-0.2343086957716231,-0.20676438342646822
CYP19A1,7,0.015555555555555555,0.0065217441639954755,0.3728095513190834,0.012863288281827083,0.002009631576449813,-0.38697402085012367,0.18782787903745737,-0.5169064156872565,-0.076941465121394,-0.20725351369990902
SP1,10,0.022222222222222223,3.0899457830281285e-05,0.40779357556608736,0.02753337457165575,0.0015546932715953515,-0.2501629808160977,-0.20619602501796383,-0.10170852093765578,-0.24550093474536697,-0.2085479406767297
KLF4,8,0.017777777777777778,0.0021974119515922076,0.42096107849532505,0.026229903477879533,0.001591587921368965,-0.3413703408387817,-0.0746788266221847,-0.13859981409781108,-0.23183107548875406,-0.2122355038664328
NCOR1,11,0.024444444444444446,0.000554374954330038,0.3954248366013072,0.018176284569903483,0.0018788500754670977,-0.20455930080475573,-0.17441867274018238,-0.3665361431448768,-0.12539739905143704,-0.2135871319059729
MAPK14,9,0.02,0.00046413995878253977,0.4189116087850265,0.02797144150429959,0.0014964308045407294,-0.2957666608274397,-0.17989634888829265,-0.08931019794215672,-0.26708779705376945,-0.21977201751086228
SMARCB1,10,0.022222222222222223,9.813804422684715e-05,0.40856811227181594,0.026822232150818158,0.0014313461279829738,-0.2501629808160977,-0.2021143358828073,-0.12183552156774895,-0.29120236037842223,-0.22069320364557027
NCOA3,11,0.024444444444444446,0.0002040626834427394,0.38344226579520696,0.01897711088983191,0.0017855967232340978,-0.20455930080475573,-0.19568422674156336,-0.3438708775475715,-0.15994875563171126,-0.2212807386029119
TOP2A,10,0.022222222222222223,0.0004930909816983098,0.4120902511707109,0.02277902260278385,0.0016352619249931635,-0.2501629808160977,-0.1781388896372903,-0.23626784726846814,-0.21564939368993208,-0.22247521388663682
NF2,9,0.02,0.000817050976581375,0.4213733812166721,0.027767763043722308,0.0013919952567547267,-0.2957666608274397,-0.15847303908622784,-0.0950747767160499,-0.30578227574869765,-0.22330800155411035
JAK1,10,0.022222222222222223,0.0005758427723455914,0.4124853520826675,0.02187180239634381,0.0016744281304548914,-0.2501629808160977,-0.17311547818709053,-0.2619443097204556,-0.20113789894577244,-0.22345235456565243
SHH,10,0.022222222222222223,0.0009508751911055497,0.38654287710891483,0.018171728535955816,0.0017886925136857,-0.2501629808160977,-0.15034929836356334,-0.36666508960545696,-0.1588017324177483,-0.2302377322811661
CXCL12,10,0.022222222222222223,3.365787204015081e-05,0.3914669901931048,0.023765011180423096,0.001539742722119002,-0.2501629808160977,-0.2060285766833977,-0.20836205492375595,-0.25104027197731676,-0.23094465283669818
PMS1,10,0.022222222222222223,0.0007110712048521423,0.3965181771633385,0.025280834865797967,0.0012768087153175523,-0.2501629808160977,-0.16490649502270882,-0.1654606847105765,-0.3484601116778599,-0.23156782631899867
IGF2,10,0.022222222222222223,0.0004073096226334305,0.40934559678612964,0.02125998967732537,0.0015921635735739609,-0.2501629808160977,-0.1833462097202711,-0.27926004651292496,-0.23161779023814627,-0.23556916306591622
FLT1,11,0.024444444444444446,0.00041372057197016916,0.3737812530167004,0.01634615469325362,0.001749565809083092,-0.20455930080475573,-0.18295703582985837,-0.41833311672029566,-0.17329859167443218,-0.23566135591807466
EGR1,9,0.02,0.00012964638938325697,0.4074074074074074,0.026557006637576847,0.0014385871985980064,-0.2957666608274397,-0.20020163549774617,-0.12934202647549622,-0.2885194668753788,-0.23714103883421545
ERCC3,10,0.022222222222222223,0.0006238788397143368,0.3961530591364846,0.021160314434937953,0.0014598928016588805,-0.2501629808160977,-0.1701994696154905,-0.2820810899601339,-0.28062551485234855,-0.24264823165200333
XIAP,10,0.022222222222222223,6.484519149907256e-05,0.39909297052154197,0.021087545612777037,0.0015484288821040627,-0.2501629808160977,-0.2041353640236408,-0.28414061852511374,-0.2478219575278021,-0.24498339950212755
PROM1,9,0.02,0.0014772570998451918,0.3872387238723872,0.01852384025886943,0.0016207010763145614,-0.2957666608274397,-0.11839551359518997,-0.3566995009114252,-0.22104434264092285,-0.248665978398871
IDH1,9,0.02,7.365140721511104e-05,0.4132778311452663,0.024686045594927635,0.0014126620651661848,-0.2957666608274397,-0.20360078652972974,-0.18229461794082857,-0.29812500392198243,-0.2505024522945985
BRD4,9,0.02,1.4861039611417823e-05,0.40548748560058645,0.024129137960336777,0.0014510286354461107,-0.2957666608274397,-0.20716963021844992,-0.1980564118992201,-0.28390978249818066,-0.2517039777236965
TLR2,10,0.022222222222222223,1.0425337262753743e-05,0.3803910010806562,0.020329290166824884,0.001517793422250462,-0.2501629808160977,-0.20743889759977988,-0.30560102841104836,-0.25917272049831397,-0.2523715174674517
APEX1,6,0.013333333333333332,0.004373830595375546,0.40245296746699927,0.014989637342272643,0.0018723744138633162,-0.43257770086146563,0.057439720300988435,-0.4567257435386608,-0.12779670039351004,-0.25394675401270006
KMT2A,10,0.022222222222222223,0.00012269861730771053,0.39361593981905046,0.017535466006888604,0.0016785619846424774,-0.2501629808160977,-0.2006233969789743,-0.3846728134427684,-0.1996062621019915,-0.25456870763932976
PRKCA,9,0.02,0.00012044128844347968,0.4185041072200605,0.02240866183313829,0.0014489210856296303,-0.2957666608274397,-0.20076042714562986,-0.24674992684296218,-0.28469065206990357,-0.25999655385858456
CTLA4,10,0.022222222222222223,0.0001051077477431287,0.3718428886968213,0.01824741470690755,0.0015170150888214437,-0.2501629808160977,-0.2016912430630106,-0.3645229932182935,-0.2594611012932173,-0.26277667295368906
NQO1,3,0.006666666666666666,0.011915367483296217,0.39361593981905046,0.011602841204402019,0.001111448387768317,-0.5693887408954916,0.5152454361478046,-0.5525800281426257,-0.4097278677914331,-0.2629362794632827
ANXA2,8,0.017777777777777778,0.0016306311630881515,0.4124853520826675,0.018388602856440825,0.0016078764955627482,-0.3413703408387817,-0.10908500781118424,-0.36052703700565336,-0.22579598590025884,-0.26401547582755214
TGFBR1,10,0.022222222222222223,0.00027970442028530995,0.3810648558212774,0.016344169410399536,0.0016097894693035029,-0.2501629808160977,-0.19109242801436022,-0.41838930488750975,-0.2250872088293781,-0.26402545303260183
CCNE1,8,0.017777777777777778,0.00011386565572760262,0.4255412682712386,0.02708916852972381,0.0012257103059874909,-0.3413703408387817,-0.20115959806892794,-0.11428059514372702,-0.3673926145763776,-0.2661041607548265
RUNX3,8,0.017777777777777778,6.732025005129672e-05,0.4172863455113697,0.02532831113091558,0.0013171424598468651,-0.3413703408387817,-0.20398511667099858,-0.1641169949095783,-0.3335160313195688,-0.2700025037071527
AXL,10,0.022222222222222223,1.3998169791531734e-06,0.3708812260536398,0.01663158763473957,0.0015445418579093124,-0.2501629808160977,-0.20798678788205668,-0.4102546941360113,-0.249262141239948,-0.2714571073313402
ESR2,8,0.017777777777777778,0.0003720058004801317,0.4185041072200605,0.022571719151433564,0.0014164312480956112,-0.3413703408387817,-0.18548931288521178,-0.2421350217945404,-0.2967284816491369,-0.273624648203612
ISL1,2,0.0044444444444444444,0.014031180400890868,0.19537793924714905,1.9252431301916405e-06,0.0016346183545874842,-0.6149924209068336,0.6436849388291246,-0.8809131946371329,-0.21588784335462166,-0.2736863202084615
FOXA1,7,0.015555555555555555,0.0021603563474387527,0.40207684319833853,0.01936286919379441,0.0015007227464681546,-0.38697402085012367,-0.0769282709513347,-0.33295301159074653,-0.26549758702479614,-0.27436309475848547
HAND2,2,0.0044444444444444444,0.011915367483296213,0.1630247147488527,4.9175668028413115e-08,0.0020479805526230845,-0.6149924209068336,0.5152454361478044,-0.880966291752263,-0.06273276250081128,-0.2751757991310555
MEN1,8,0.017777777777777778,0.000511049004459407,0.4124853520826675,0.024539527822401094,0.0011964162904298278,-0.3413703408387817,-0.177048755678189,-0.18644141500081582,-0.3782463582002207,-0.27667936285332817
WT1,7,0.015555555555555555,0.004283646923513461,0.39182351750657757,0.014606379088627504,0.0013466599781245291,-0.38697402085012367,0.05196515973487291,-0.46757285220012784,-0.3225794775662183,-0.2804800833170943
BIRC5,8,0.017777777777777778,2.267074092908968e-05,0.4074074074074074,0.023694350209457104,0.001242545203983923,-0.3413703408387817,-0.20669554569755963,-0.2103619263496237,-0.36115510622156877,-0.285456912232202
HBEGF,9,0.02,8.928200824012796e-05,0.37345679012345673,0.016517410534038275,0.0014875380450082565,-0.2957666608274397,-0.20265193769457585,-0.41348617423116646,-0.2703826588279757,-0.2909550823250763
FGFR4,10,0.022222222222222223,5.6315540546242226e-05,0.3463947038826266,0.011234253323872855,0.001586066876650834,-0.2501629808160977,-0.2046531527739204,-0.5630119307914897,-0.23387668114457175,-0.2980980538663266
CDH2,8,0.017777777777777778,0.0007606791670919513,0.3841269841269841,0.01617949061217151,0.0014885907080416042,-0.3413703408387817,-0.1618950652568114,-0.42305010162607953,-0.2699926360035608,-0.29856193313370455
RECQL4,9,0.02,0.0,0.34472934472934474,0.01976292930269734,0.001136703269155406,-0.2957666608274397,-0.2080717631627879,-0.32163037096626973,-0.4003706662399262,-0.29993647952154
MMP1,9,0.02,2.4860882449612578e-05,0.3683409436834094,0.01557602894117113,0.0014288298823452155,-0.2957666608274397,-0.20656259410937408,-0.44012948414717307,-0.29213465608889194,-0.3016118078641604
TGFBR2,9,0.02,0.00030909124940792156,0.3724867724867725,0.017237106635727594,0.0012413965696103219,-0.2957666608274397,-0.18930851333716842,-0.3931170843446209,-0.36158068744596794,-0.3017850139820138
CEBPA,7,0.015555555555555555,1.172195522213105e-06,0.414472275743952,0.024493890704989058,0.001166751280194089,-0.38697402085012367,-0.20800060554357383,-0.1877330526025016,-0.38923755928918047,-0.30283518106177315
IGFBP3,8,0.017777777777777778,0.0003386822578500242,0.4116959064327485,0.01765240977674049,0.0013748578404989013,-0.3413703408387817,-0.18751220404321478,-0.38136303011311956,-0.3121318703288491,-0.305056650392771
IRF1,8,0.017777777777777778,2.4180692550015683e-05,0.37345679012345673,0.018806635890874928,0.0012473070143863363,-0.3413703408387817,-0.20660388474131353,-0.34869572037916785,-0.3593908049365022,-0.31274789554203597
TMEM127,4,0.008888888888888889,0.006481069042316258,0.2637781865249676,0.0001847744728401693,0.002202735771779857,-0.5237850608841497,0.18535871347157168,-0.875738132014304,-0.005394311585027802,-0.3132115816614258
BMI1,8,0.017777777777777778,0.00011077037814894344,0.3921806948242682,0.015987284798433588,0.001421105246610557,-0.3413703408387817,-0.20134749554774453,-0.4284899775508687,-0.29499671560021173,-0.31451383181072584
EPCAM,8,0.017777777777777778,0.000337845813808223,0.37508476218153636,0.019266147333407237,0.0011013840238558682,-0.3413703408387817,-0.1875629800148786,-0.3356904673913209,-0.4134568214211516,-0.31619982205978775
PCNA,7,0.015555555555555555,0.0007074401292354949,0.3965181771633385,0.0163670762473859,0.001427722916423673,-0.38697402085012367,-0.16512691788832334,-0.4177409876040112,-0.29254479870962974,-0.3187797940323523
KMT2C,8,0.017777777777777778,0.0,0.39253852392538524,0.015771136162654766,0.0013748791579350497,-0.3413703408387817,-0.2080717631627879,-0.4346074915692142,-0.3121239719925416,-0.32084385279662175
MGMT,7,0.015555555555555555,0.0007607274942073472,0.4089564850021124,0.01803207795544909,0.001220354478396285,-0.38697402085012367,-0.16189213158029592,-0.37061752900365974,-0.36937700553343256,-0.3239128471000357
NTHL1,9,0.02,1.1135857461024499e-06,0.3073015873015873,0.016017264960231876,0.0010623694916185055,-0.2957666608274397,-0.20800416342453457,-0.4276414685634654,-0.42791211962617093,-0.3266300897836648
MMP7,7,0.015555555555555555,0.0010272979978401978,0.40818047649167194,0.015875262909816033,0.0012903221660513751,-0.38697402085012367,-0.14571008512836492,-0.43166046008253117,-0.34345323478009776,-0.3268911675521603
AGO2,6,0.013333333333333332,0.0017749369496146096,0.4070219699358772,0.016711589875078273,0.0012755318211891628,-0.43257770086146563,-0.10032498782011343,-0.40799044284889296,-0.3489332145024641,-0.32786817372681276
SOCS1,7,0.015555555555555555,0.00012060426432966227,0.40779357556608736,0.018039986004369183,0.0012660928723365829,-0.38697402085012367,-0.2007505337653616,-0.3703937126471413,-0.35243044521577516,-0.33019337231146695
SNAI2,7,0.015555555555555555,0.0001424809871088446,0.40245296746699927,0.01839084313164543,0.0012344329004427843,-0.38697402085012367,-0.199422516826487,-0.36046363195606906,-0.36416080076900953,-0.33022142304918073
DNMT3A,7,0.015555555555555555,2.4609673971903315e-05,0.39578861289992845,0.01927229693713733,0.0011666376533574377,-0.38697402085012367,-0.20657784361072556,-0.33551641916339403,-0.38927965923793534,-0.3320445838804905
ERCC6,7,0.015555555555555555,0.0002234935447758013,0.40207684319833853,0.02012383178878674,0.0010581873964775022,-0.38697402085012367,-0.19450468475770716,-0.31141598302922613,-0.4294616302551122,-0.33224260114383775
BUB1B,7,0.015555555555555555,0.0002466038157997578,0.39909297052154197,0.019177489155245697,0.0011073731883585458,-0.38697402085012367,-0.1931017858092869,-0.33819970204732486,-0.41123777241760584,-0.33360384864285114
CEACAM5,4,0.008888888888888889,0.0070419649485067804,0.36521411054518016,0.0075597392097390735,0.001238348617209205,-0.5237850608841497,0.21940765543993745,-0.6670093098303459,-0.3627099861545824,-0.33441671664645367
FOXP3,8,0.017777777777777778,0.00011081804223317627,0.3692894611349547,0.012262125449164593,0.0014348425402185526,-0.3413703408387817,-0.2013446021202474,-0.5339207356845581,-0.28990690254221196,-0.33458129746898946
IL9,8,0.017777777777777778,8.283260450981805e-05,0.3724867724867725,0.01146889562709046,0.0014739342019949955,-0.3413703408387817,-0.20304344594222076,-0.5563710025521859,-0.27542302702448673,-0.3365992866944633
AKT3,7,0.015555555555555555,8.147554671947395e-05,0.3987230975182782,0.017628894547846975,0.0012159381099284031,-0.38697402085012367,-0.20312582554499764,-0.38202856631640086,-0.37101331691602396,-0.33683074033027766
HSPB1,6,0.013333333333333332,1.1516553374104038e-05,0.4120902511707109,0.022707753167297128,0.0010518896699665543,-0.43257770086146563,-0.20737265580047232,-0.23828493966925354,-0.431795004757094,-0.33726134813690056
CBFB,8,0.017777777777777778,0.0005940290029870797,0.34226111553080524,0.006305272578941651,0.0017362579228859191,-0.3413703408387817,-0.1720114909678916,-0.7025136616010537,-0.17822930472997334,-0.3386310853017519
TYMS,6,0.013333333333333332,0.002297091540996967,0.39111111111111113,0.011774758745116383,0.001389959291395659,-0.43257770086146563,-0.06862782051282591,-0.5477143579914814,-0.3065366225193153,-0.33940934653187876
TFDP1,7,0.015555555555555555,4.448856237143936e-06,0.3954248366013072,0.01733655674825283,0.001215989837293341,-0.38697402085012367,-0.20780169728038034,-0.3903024126012299,-0.3709941513783985,-0.339650644413564
SHC3,8,0.017777777777777778,7.62915356716113e-05,0.3673972862700446,0.012361719543122035,0.001342723432934071,-0.3413703408387817,-0.20344051868036186,-0.5311019889284948,-0.3240380093327766,-0.34136774861591834
PIK3CG,7,0.015555555555555555,0.0,0.3817411022379967,0.017341632628928752,0.0011698798224187526,-0.38697402085012367,-0.2080717631627879,-0.3901587532573783,-0.38807840119574577,-0.3431062789788651
MAX,3,0.006666666666666666,0.00864142538975501,0.3591170469300686,0.007223975808478699,0.0010305588432859118,-0.5693887408954916,0.31650220568302484,-0.6765122026275021,-0.4396983023989143,-0.3434026088979491
SMAD7,7,0.015555555555555555,1.0708461724022168e-05,0.3831008212130207,0.016722383233223923,0.0011947179706349362,-0.38697402085012367,-0.20742171065253145,-0.40768496546513283,-0.3788756037063128,-0.34460844879496527
IL1A,7,0.015555555555555555,0.00015193346091175235,0.3803910010806562,0.015327412798940536,0.001264536860435505,-0.38697402085012367,-0.1988487085165662,-0.4471659048481528,-0.35300696413707844,-0.34518765822373104
KMT2D,6,0.013333333333333332,7.849918412818048e-06,0.4051056706423938,0.02121488288438344,0.0010253051749545773,-0.43257770086146563,-0.2075952372806331,-0.28053667468663795,-0.441644842266102,-0.34773730801221925
TGFA,7,0.015555555555555555,5.871808584092554e-05,0.3767269896867094,0.013902020309147655,0.0012892418066864511,-0.38697402085012367,-0.2045073073070304,-0.48750785984839223,-0.3438535193892672,-0.35284000997183274
SERPINE1,8,0.017777777777777778,0.00021139961969820418,0.34751391132651227,0.008172803761064273,0.001462840782664873,-0.3413703408387817,-0.19523884121809856,-0.6496581432436629,-0.27953325660649564,-0.35412760956812994
CDK12,6,0.013333333333333332,0.0004150668985518033,0.3950617283950617,0.019344165409355293,0.0009875931153899785,-0.43257770086146563,-0.18287530766043764,-0.3334823726162747,-0.4556175605243942,-0.35494100884475616
GLI1,6,0.013333333333333332,7.240490403500177e-05,0.38828720417168067,0.01855134538550955,0.0011114353803586192,-0.43257770086146563,-0.20367645496298892,-0.35592104123162643,-0.409732687174757,-0.3554520547235369
PLK1,5,0.011111111111111112,0.002301179828582691,0.38934137757667164,0.011883170828548041,0.0013708134499046435,-0.47818138087280765,-0.06837964279353796,-0.5446460414242195,-0.31363035996193983,-0.3561136742810991
BMPR1A,7,0.015555555555555555,0.0003231608923624188,0.3692894611349547,0.01616610560912629,0.001016069390873276,-0.38697402085012367,-0.1884544217825929,-0.4234289286469843,-0.4450667982757277,-0.3562536581277339
MMP14,7,0.015555555555555555,0.00010741525432528825,0.3692894611349547,0.012459443814277278,0.0012648006813965492,-0.38697402085012367,-0.20155116687981792,-0.5283361625490188,-0.3529092156714189,-0.3620777746615853
XPC,8,0.017777777777777778,3.5941127255158434e-06,0.32298965632298965,0.012217983492423272,0.0010888668246030314,-0.3413703408387817,-0.20785358411339883,-0.5351700567278728,-0.4180945765732721,-0.3620959419821523
SWSAP1,8,0.017777777777777778,4.454342984409799e-05,0.322022621423819,0.011351061795011672,0.0011175502835191436,-0.3413703408387817,-0.20536777363265482,-0.5597059767331702,-0.4074670506641763,-0.36425616818120665
ETS1,6,0.013333333333333332,0.00011540470255863225,0.3954248366013072,0.01699611175337126,0.0011025782745249168,-0.43257770086146563,-0.20106617090061032,-0.3999378054926045,-0.41301433887522193,-0.3642591669002308
CSF3,7,0.015555555555555555,3.43657036684521e-05,0.37120122711149456,0.01116368925404761,0.0013180036109524697,-0.38697402085012367,-0.20598560807234276,-0.5650090596875016,-0.3331969656966527,-0.3665785143924598
CRKL,7,0.015555555555555555,0.0001241019559505083,0.36336336336336333,0.009896698208860622,0.0013513256977754357,-0.38697402085012367,-0.20053820791718366,-0.6008678817990638,-0.32085077892427266,-0.3699191914215065
SOX9,6,0.013333333333333332,0.0011250875714227562,0.36802585305579316,0.010398622095176842,0.001279367711845147,-0.43257770086146563,-0.1397738116072443,-0.586662257046364,-0.3475119763090455,-0.37318049487440597
NTRK3,8,0.017777777777777778,1.4328896072193252e-05,0.3371647509578544,0.006579223997582354,0.0013572078497391697,-0.3413703408387817,-0.20720193376049031,-0.6947601930776852,-0.3186713792019921,-0.37396641718963164
EPHA2,7,0.015555555555555555,2.935515672152643e-05,0.3618353424913559,0.00927024220592267,0.0013570871513835475,-0.38697402085012367,-0.2062897711449249,-0.6185980579162573,-0.3187160992235666,-0.3744761815117393
TP73,6,0.013333333333333332,2.0791413239457394e-05,0.3904012905827787,0.015693602721462165,0.0010640059185784393,-0.43257770086146563,-0.20680962946736003,-0.43680187004251464,-0.42730580607221985,-0.37592613789129986
FANCG,7,0.015555555555555555,0.0,0.33982797963840616,0.013308688519624006,0.001015675390148376,-0.38697402085012367,-0.2080717631627879,-0.5043005429336331,-0.4452127797253264,-0.37736151262003215
FANCL,7,0.015555555555555555,0.0,0.33982797963840616,0.013308688519624006,0.001015675390148376,-0.38697402085012367,-0.2080717631627879,-0.5043005429336331,-0.4452127797253264,-0.37736151262003215
FANCE,7,0.015555555555555555,0.0,0.33982797963840616,0.013308688519624006,0.001015675390148376,-0.38697402085012367,-0.2080717631627879,-0.5043005429336331,-0.4452127797253264,-0.37736151262003215
TCF7L2,6,0.013333333333333332,5.00362542204601e-05,0.37705716233323594,0.014050522034286268,0.0011098339721807534,-0.43257770086146563,-0.20503433411853283,-0.4833049122701638,-0.41032602589834266,-0.3813869664648475
IL6ST,7,0.015555555555555555,1.386582979010596e-05,0.3512018140589569,0.007849794344086072,0.0013094967724896476,-0.38697402085012367,-0.20723004399768813,-0.6588000683328582,-0.3363488396192691,-0.38627819988739076
KEAP1,5,0.011111111111111112,2.2496681739443434e-06,0.4070219699358772,0.018462333817756346,0.000929882241259612,-0.47818138087280765,-0.20793519803500338,-0.3584402776430112,-0.4770000518010134,-0.3864353487030384
SMARCA5,6,0.013333333333333332,0.000769450955063114,0.3718428886968213,0.011079201386738161,0.0011121642100418063,-0.43257770086146563,-0.1613625776841753,-0.5674002647524022,-0.4094626480430037,-0.387115422281638
BCAR1,6,0.013333333333333332,0.0004267157388249339,0.3673972862700446,0.010242855641050642,0.0012099061479866804,-0.43257770086146563,-0.18216816987946788,-0.5910708135161817,-0.3732482228248901,-0.3898080450395943
CDKN2B,5,0.011111111111111112,1.7296763846356858e-05,0.3976175806120353,0.017982377979220893,0.000914353134111016,-0.47818138087280765,-0.20702177063842617,-0.3720241550514805,-0.48275375079001936,-0.3900745071333892
SDHB,6,0.013333333333333332,0.001372835942097405,0.3144899285250162,0.005066536699167587,0.001391243082541062,-0.43257770086146563,-0.12473435454799997,-0.7375727961740782,-0.3060609642767184,-0.3913125360286723
KLF5,5,0.011111111111111112,0.0,0.39361593981905046,0.016909744955773798,0.0009201297918376397,-0.47818138087280765,-0.2080717631627879,-0.40238218869732995,-0.48061343780206284,-0.39598054939605826
BAX,5,0.011111111111111112,0.0,0.3946992864424057,0.017302592548931097,0.0008751993415238651,-0.47818138087280765,-0.2080717631627879,-0.39126367920707233,-0.49726064643242635,-0.3970862892240794
FGF3,6,0.013333333333333332,6.379038855963894e-05,0.3661465721040189,0.010612475011840218,0.001149083977463839,-0.43257770086146563,-0.20419939537718867,-0.5806097172704897,-0.3957834824311102,-0.3977306840861301
WWOX,5,0.011111111111111112,0.00011796887368668077,0.3928970065956367,0.015160522759437035,0.000999086379106751,-0.47818138087280765,-0.20091051400782098,-0.4518892849079261,-0.4513591843540971,-0.39824080565984254
FRS2,7,0.015555555555555555,5.6710253153123956e-05,0.3281634036782778,0.006497378879294787,0.0012311213503998929,-0.38697402085012367,-0.2046291919168388,-0.6970766021387614,-0.36538776520112437,-0.39909107874473015
POT1,6,0.013333333333333332,2.4746349913387776e-06,0.3390246038000175,0.01428046641186337,0.0008440219931485921,-0.43257770086146563,-0.20792154152222492,-0.4767969463595806,-0.508812184850584,-0.40050440692410216
AREG,6,0.013333333333333332,1.8807225934174708e-05,0.36062214771351403,0.009206322700642455,0.0012119710371893578,-0.43257770086146563,-0.20693007869450947,-0.6204071300308625,-0.3724831594632835,-0.40171277287396956
WEE1,5,0.011111111111111112,7.716764848061801e-05,0.3954248366013072,0.014825153281828261,0.0009764832350574685,-0.47818138087280765,-0.20338733463344266,-0.46138102874061104,-0.45973388908246715,-0.40243330052845905
SLC2A1,4,0.008888888888888889,0.00039795431908900436,0.40779357556608736,0.016314203748696115,0.0009886533135136366,-0.5237850608841497,-0.1839141193519246,-0.4192374034881748,-0.45522474586905914,-0.40419573101888034
SPOP,5,0.011111111111111112,0.00015874223155582824,0.36397819138935894,0.015511831572215005,0.0008831486951306167,-0.47818138087280765,-0.1984353850567631,-0.44194642045637034,-0.4943153265648541,-0.40422467897391834
NOTCH3,5,0.011111111111111112,4.061085235166164e-05,0.404344193817878,0.014874951741448627,0.0009414887452735476,-0.47818138087280765,-0.20560649903847117,-0.4599716153815032,-0.47269971889894363,-0.4052993749211899
C17orf97,4,0.008888888888888889,0.002293029533061393,0.2680512287988923,0.0001987350776309392,0.0017926480408145204,-0.5237850608841497,-0.06887440293738442,-0.8753430141121974,-0.1573361676415959,-0.40707920839455713
NTRK1,5,0.011111111111111112,7.079223671651288e-06,0.3715217808482057,0.014965565511997148,0.0009036182574393844,-0.47818138087280765,-0.20764202196960602,-0.4574070328682324,-0.48673113651230504,-0.4081016226739917
CDKN1C,5,0.011111111111111112,0.0,0.38934137757667164,0.014049322507821697,0.0009686578468859103,-0.47818138087280765,-0.2080717631627879,-0.48333886168620316,-0.46263327844081437,-0.40857585212158315
MTA1,5,0.011111111111111112,0.0,0.38828720417168067,0.013151511672056696,0.0009683984786352713,-0.47818138087280765,-0.2080717631627879,-0.5087490168501481,-0.46272937713001794,-0.4136771028922128
CCND3,5,0.011111111111111112,0.0001880388556786866,0.3618353424913559,0.010870442635331547,0.0010310393123517667,-0.47818138087280765,-0.19665694623483773,-0.5733086276878457,-0.4395202835114145,-0.41909350210404417
PLAUR,5,0.011111111111111112,0.0003817616180960297,0.36521411054518016,0.009822680592001684,0.0010198906386254555,-0.47818138087280765,-0.18489709022109263,-0.6029627541867962,-0.44365098543355513,-0.42291050378482614
RASSF1,5,0.011111111111111112,0.00033088673749759567,0.3673972862700446,0.01030498669779777,0.0009728238571596237,-0.47818138087280765,-0.1879854277147794,-0.5893123586952403,-0.46108972742589205,-0.424440257458404
ITCH,4,0.008888888888888889,1.6121540672445028e-05,0.404724574056653,0.015670886188809536,0.0008159258158669182,-0.5237850608841497,-0.2070931120499194,-0.4374448012664381,-0.5192221166820554,-0.42643143291163094
PLAU,6,0.013333333333333332,8.045036084047506e-05,0.32106135986733003,0.004484406426624585,0.0012196129118599102,-0.43257770086146563,-0.20318805900777667,-0.7540484500219663,-0.36965176380445175,-0.4269392528187408
TSC1,5,0.011111111111111112,1.387295373932345e-05,0.35496883021635495,0.011604959526531393,0.0008972993536399026,-0.47818138087280765,-0.20722961154145014,-0.5525200746514778,-0.48907235742441596,-0.427489372606024
HSPA5,4,0.008888888888888889,0.0,0.4051056706423938,0.014849294819660575,0.0008517047802157572,-0.5237850608841497,-0.2080717631627879,-0.46069776652347305,-0.5059656307146566,-0.42867539154777523
RAD51B,5,0.011111111111111112,2.1206409544939597e-05,0.34198904787140083,0.01236757769783756,0.0007889571661939749,-0.47818138087280765,-0.20678443729717924,-0.5309361893921491,-0.529214287569491,-0.4310896880221055
FLT4,6,0.013333333333333332,2.9151373249368793e-05,0.31471998699504183,0.004973091124992786,0.001126882594153093,-0.43257770086146563,-0.20630214173194653,-0.7402175253804733,-0.4040093305424822,-0.4318231019190907
VHL,4,0.008888888888888889,5.057021173829891e-06,0.39182351750657757,0.014788936288823232,0.0007461021571398868,-0.5237850608841497,-0.20776477889248007,-0.4624060546983844,-0.5450925231891506,-0.4367656816100794
BMP4,5,0.011111111111111112,3.325988101114204e-05,0.3591170469300686,0.007848843648005564,0.0010441345384967484,-0.47818138087280765,-0.20605273655566828,-0.6588269752646496,-0.43466836326189795,-0.43757573514970927
FOXH1,3,0.006666666666666666,0.0021603563474387527,0.35264116575591986,0.006652593377255605,0.0011274095331782715,-0.5693887408954916,-0.0769282709513347,-0.6926836673246949,-0.40381409404192714,-0.43781767932458016
S100A4,4,0.008888888888888889,7.621904478916308e-05,0.4017014213092644,0.012190355679725332,0.0009117326651622115,-0.5237850608841497,-0.20344491920784383,-0.5359519887112364,-0.4837246623432197,-0.4381213313223046
AXIN2,4,0.008888888888888889,3.8862194432447534e-05,0.37345679012345673,0.012563601975619444,0.0008666220182009777,-0.5237850608841497,-0.20571265055670607,-0.5253882419672401,-0.5004386357436622,-0.43991830949080934
CCND2,5,0.011111111111111112,4.3205165699597764e-05,0.3425336164189667,0.006699846890050345,0.001091697587385486,-0.47818138087280765,-0.2054490123753369,-0.6913462819375686,-0.4170457489231263,-0.4404041425714559
MUC2,4,0.008888888888888889,1.6039300869788373e-06,0.24306340238543628,7.53267166206433e-05,0.0018183297567358277,-0.5237850608841497,-0.2079743972846452,-0.8788357605537436,-0.14782081936571492,-0.4406496866145054
MUC6,4,0.008888888888888889,1.587890786109049e-06,0.24306340238543628,7.53267166206433e-05,0.0018183297567358277,-0.5237850608841497,-0.20797537094342666,-0.8788357605537436,-0.14782081936571492,-0.4406499300292007
VEGFC,5,0.011111111111111112,8.03452238529757e-05,0.3564392893307558,0.007874453910396755,0.000983835494615758,-0.47818138087280765,-0.20319444130286315,-0.6581021446931907,-0.45700979889604165,-0.44118448234904495
PDCD1,5,0.011111111111111112,2.76698944228806e-05,0.3591170469300686,0.00892512881912664,0.0009138566175840919,-0.47818138087280765,-0.20639207425959333,-0.6283655772625454,-0.4829377154321363,-0.44122216040931733
KDM6A,4,0.008888888888888889,5.4054526957273804e-06,0.3907558784942981,0.013543061134386533,0.0007652319012461605,-0.5237850608841497,-0.2077436275085279,-0.49766724751097235,-0.5380047499983936,-0.44239507768845754
PPP2R2A,5,0.011111111111111112,1.4847809948032665e-05,0.3466738293490912,0.007282005171738851,0.0010184579805676594,-0.47818138087280765,-0.20717043331941018,-0.6748698353650833,-0.4441818004469269,-0.4429664187977373
DNMT3B,5,0.011111111111111112,0.0,0.34307992202729043,0.007721228166529608,0.0009820499086327173,-0.47818138087280765,-0.2080717631627879,-0.6624387930958107,-0.45767137745088693,-0.4434034582055192
IL1RN,5,0.011111111111111112,0.0,0.34864037457230324,0.008126560721702506,0.0009279536829483162,-0.47818138087280765,-0.2080717631627879,-0.6509669298595357,-0.47771460312065867,-0.4451177306922185
MITF,4,0.008888888888888889,0.0,0.37024287626697266,0.01261225044422966,0.0007892887621917974,-0.5237850608841497,-0.2080717631627879,-0.5240113760544773,-0.5290914277334957,-0.44596327285774395
STAG2,5,0.011111111111111112,2.6160427051295643e-05,0.3366371065901582,0.005247889834013046,0.0011052848564842958,-0.47818138087280765,-0.20648370581969386,-0.732440076549499,-0.4120115215377971,-0.4478747293778654
DDB2,4,0.008888888888888889,0.0,0.3889893510146675,0.011351836897664674,0.0008528706199479106,-0.5237850608841497,-0.2080717631627879,-0.5596840395077589,-0.5055336747223355,-0.44838625494616824
CTNNA1,4,0.008888888888888889,5.887073900946028e-05,0.3728095513190834,0.010808866646147965,0.0008762726828519818,-0.5237850608841497,-0.20449804056284604,-0.5750513727931607,-0.4968629620803674,-0.4488321484248695
SDHC,3,0.006666666666666666,0.0,0.20803782505910165,4.970181045301071e-06,0.0018533307718727435,-0.5693887408954916,-0.2080717631627879,-0.8808270157430883,-0.13485257183670862,-0.4544399176200784
SDHAF2,3,0.006666666666666666,0.0,0.20803782505910165,4.970181045301071e-06,0.0018533307718727435,-0.5693887408954916,-0.2080717631627879,-0.8808270157430883,-0.13485257183670862,-0.4544399176200784
SDHD,3,0.006666666666666666,0.0,0.20803782505910165,4.970181045301071e-06,0.0018533307718727435,-0.5693887408954916,-0.2080717631627879,-0.8808270157430883,-0.13485257183670862,-0.4544399176200784
TNFSF10,5,0.011111111111111112,0.0,0.3158753467123511,0.006757437662226723,0.0008868491919444925,-0.47818138087280765,-0.2080717631627879,-0.6897163278328532,-0.49294425322669755,-0.4559135403080898
KLK3,4,0.008888888888888889,4.1841167453030833e-05,0.39253852392538524,0.009899444227531518,0.0008506163416025789,-0.5237850608841497,-0.2055318132954893,-0.6007901630216432,-0.506368908771039,-0.45613953899186116
TIMP1,4,0.008888888888888889,1.1081874948469243e-05,0.36367051751667134,0.010155378385333745,0.0008299362923296176,-0.5237850608841497,-0.20739904276519427,-0.5935466252936019,-0.5140310864774493,-0.45669007435496123
CDC73,4,0.008888888888888889,5.625288482618497e-05,0.36459510357815444,0.00958013012893246,0.0008562252241144383,-0.5237850608841497,-0.2046569562621482,-0.6098275019222411,-0.5042907582805353,-0.45731266241554475
MKI67,4,0.008888888888888889,2.0247013565499087e-06,0.36062214771351403,0.010219665855499029,0.0008159108975255229,-0.5237850608841497,-0.20794885454778184,-0.5917271389085824,-0.5192276440858515,-0.4575029415452846
CTSD,1,0.0022222222222222222,0.0,0.0022222222222222222,4.708205100503997e-37,0.0022172949002217295,-0.6605961009181756,-0.2080717631627879,-0.8809676835391573,0.0,-0.4594201128198899
ROS1,1,0.0022222222222222222,0.0,0.0022222222222222222,4.708205100503997e-37,0.0022172949002217295,-0.6605961009181756,-0.2080717631627879,-0.8809676835391573,0.0,-0.4594201128198899
PALLD,1,0.0022222222222222222,0.0,0.0022222222222222222,4.708205100503997e-37,0.0022172949002217295,-0.6605961009181756,-0.2080717631627879,-0.8809676835391573,0.0,-0.4594201128198899
ERG,1,0.0022222222222222222,0.0,0.0022222222222222222,4.708205100503997e-37,0.0022172949002217295,-0.6605961009181756,-0.2080717631627879,-0.8809676835391573,0.0,-0.4594201128198899
TMPRSS2,1,0.0022222222222222222,0.0,0.0022222222222222222,4.708205100503997e-37,0.0022172949002217295,-0.6605961009181756,-0.2080717631627879,-0.8809676835391573,0.0,-0.4594201128198899
ELAC2,1,0.0022222222222222222,0.0,0.0022222222222222222,4.708205100503997e-37,0.0022172949002217295,-0.6605961009181756,-0.2080717631627879,-0.8809676835391573,0.0,-0.4594201128198899
MSR1,1,0.0022222222222222222,0.0,0.0022222222222222222,4.708205100503997e-37,0.0022172949002217295,-0.6605961009181756,-0.2080717631627879,-0.8809676835391573,0.0,-0.4594201128198899
MTR,1,0.0022222222222222222,0.0,0.0022222222222222222,4.708205100503997e-37,0.0022172949002217295,-0.6605961009181756,-0.2080717631627879,-0.8809676835391573,0.0,-0.4594201128198899
CBS,1,0.0022222222222222222,0.0,0.0022222222222222222,4.708205100503997e-37,0.0022172949002217295,-0.6605961009181756,-0.2080717631627879,-0.8809676835391573,0.0,-0.4594201128198899
IGF2R,1,0.0022222222222222222,0.0,0.0022222222222222222,4.708205100503997e-37,0.0022172949002217295,-0.6605961009181756,-0.2080717631627879,-0.8809676835391573,0.0,-0.4594201128198899
CA9,3,0.006666666666666666,0.0015434966542984358,0.34864037457230324,0.004881300614825869,0.0010931065494247582,-0.5693887408954916,-0.11437447025952545,-0.7428154123885218,-0.41652371353607304,-0.4597475020632224
NFATC1,4,0.008888888888888889,2.5983667409057163e-06,0.3500587650302866,0.010102934853842546,0.0007940386669406992,-0.5237850608841497,-0.20791403044019677,-0.5950309003986145,-0.5273315376193946,-0.4597757665231034
MYH11,3,0.006666666666666666,0.0021603563474387527,0.30599020072704286,0.0015838707906263875,0.0012142156038740196,-0.5693887408954916,-0.0769282709513347,-0.8361404204385023,-0.3716515236879155,-0.46007651587653936
CD82,3,0.006666666666666666,0.0005417149753689743,0.3728095513190834,0.009078198728865321,0.0008751053938815493,-0.5693887408954916,-0.17518719125530874,-0.624033339331738,-0.4972954550308499,-0.46734861599976685
APC,4,0.008888888888888889,1.1772192173083041e-05,0.34864037457230324,0.006641603646169306,0.0009309556122117989,-0.5237850608841497,-0.20735713735839556,-0.692994702523858,-0.4766023564729221,-0.4690834674484073
GNAS,3,0.006666666666666666,9.512522501903858e-06,0.4005793503000207,0.012283992783563341,0.0007030952175906143,-0.5693887408954916,-0.20749430962271856,-0.5333018387655645,-0.561027050669519,-0.47002541460611835
IDH2,3,0.006666666666666666,9.512522501903858e-06,0.4005793503000207,0.012283992783563341,0.0007030952175906143,-0.5693887408954916,-0.20749430962271856,-0.5333018387655645,-0.561027050669519,-0.47002541460611835
CYP1B1,2,0.0044444444444444444,0.0021603563474387527,0.27040994482854946,0.00032855424828510954,0.0013467408429433997,-0.6149924209068336,-0.0769282709513347,-0.8716688267019214,-0.3225495162927124,-0.4733230836541522
SETD2,3,0.006666666666666666,2.7309364725845797e-05,0.3886379604536786,0.010184654006590452,0.0007901425542908218,-0.5693887408954916,-0.20641396005800391,-0.5927180564581412,-0.5287750887006092,-0.47518817835967314
MAP2K4,4,0.008888888888888889,0.00017132718881332216,0.3366371065901582,0.004510248783806305,0.0009649311106478078,-0.5237850608841497,-0.1976714207015139,-0.75331705062286,-0.46401407376409226,-0.47620885136222135
HMMR,2,0.0044444444444444444,0.0021603563474387527,0.3165726432834601,0.002121224316083642,0.0011567825702056263,-0.6149924209068336,-0.0769282709513347,-0.8209320536914835,-0.39293107212501,-0.4772520402185242
ABCG2,2,0.0044444444444444444,0.0021603563474387527,0.3165726432834601,0.002121224316083642,0.0011567825702056263,-0.6149924209068336,-0.0769282709513347,-0.8209320536914835,-0.39293107212501,-0.4772520402185242
TP63,3,0.006666666666666666,0.0,0.3814026792750197,0.011623690779154868,0.0006550516582161737,-0.5693887408954916,-0.2080717631627879,-0.551989936211823,-0.5788276992422837,-0.47746752719494034
ATRX,3,0.006666666666666666,0.00014397190313713808,0.3879370804528604,0.008882294194085866,0.0007706644539120144,-0.5693887408954916,-0.19933201141761026,-0.6295778977484615,-0.5359919315869971,-0.48223302803491636
ENG,4,0.008888888888888889,0.0,0.32396251673360105,0.005235808889381785,0.000858656480344875,-0.5237850608841497,-0.2080717631627879,-0.7327819956547031,-0.5033899520473616,-0.48257710164056233
GPC3,4,0.008888888888888889,8.062191297925798e-05,0.30533869568646005,0.00161446372427607,0.0011134405659680336,-0.5237850608841497,-0.20317764500982535,-0.8352745685686078,-0.40898974462801185,-0.48297204520123266
NOTCH2,3,0.006666666666666666,2.2181756282278932e-05,0.3754120612759356,0.009746455976502292,0.0006832592195928112,-0.5693887408954916,-0.2067252292978122,-0.6051200898191973,-0.568376498421652,-0.485666684286045
PHB,3,0.006666666666666666,0.0,0.3831008212130207,0.008857507583350762,0.0007460366877328459,-0.5693887408954916,-0.2080717631627879,-0.6302794170437044,-0.5451167802992019,-0.48638323957270024
BAP1,3,0.006666666666666666,1.340427286975171e-06,0.3512018140589569,0.010623604181484175,0.0006019817210686593,-0.5693887408954916,-0.20799039310748293,-0.580294735632673,-0.598490674118458,-0.487040739540519
FH,3,0.006666666666666666,0.0009165516878341058,0.3175071750717507,0.002848999737420408,0.0009766677022214536,-0.5693887408954916,-0.15243289169726726,-0.8003343000846056,-0.45966554204069776,-0.48939425066279957
MAP3K1,3,0.006666666666666666,7.49889391314781e-06,0.3817411022379967,0.008168419470315082,0.00075628563702387,-0.5693887408954916,-0.20761654607017288,-0.6497822289683868,-0.5413194358279538,-0.4894105287902334
PTCH1,3,0.006666666666666666,1.2373174956693887e-05,0.3494900261756476,0.005628147694253346,0.0008645058029553823,-0.5693887408954916,-0.20732065495997312,-0.7216778860678229,-0.5012227159488272,-0.49569634345674535
FHIT,3,0.006666666666666666,1.2110115018538967e-05,0.35467619309334064,0.007369738139493729,0.0007270130188861638,-0.5693887408954916,-0.20733662389907498,-0.6723867863364476,-0.5521652514806397,-0.49603062285160826
WNT3,3,0.006666666666666666,0.00014096015446027563,0.3489231323781202,0.005101261638355726,0.0008521790866198573,-0.5693887408954916,-0.19951483831078243,-0.7365899988434164,-0.5057898951587334,-0.4976407476915476
RAD54L,3,0.006666666666666666,0.0,0.34144620811287474,0.00758769853768635,0.0006625775605190897,-0.5693887408954916,-0.2080717631627879,-0.6662179951868614,-0.5760392725763269,-0.49975545365675667
NRG1,3,0.006666666666666666,0.0,0.35673484429703334,0.007186259672976409,0.0006891555755788705,-0.5693887408954916,-0.2080717631627879,-0.6775796578386891,-0.566191835958371,-0.500058298863531
DOCK1,3,0.006666666666666666,0.0,0.3466738293490912,0.006276847042284628,0.0007129651818233351,-0.5693887408954916,-0.2080717631627879,-0.7033181710459168,-0.5573701241840536,-0.5034416591501132
MAP2K2,3,0.006666666666666666,0.0,0.3494900261756476,0.006229952863799755,0.0007040636015561903,-0.5693887408954916,-0.2080717631627879,-0.7046453864281761,-0.560668254134059,-0.504366728216566
KLF6,2,0.0044444444444444444,0.0,0.3858495266567015,0.010672873316833139,0.0005611384751212606,-0.6149924209068336,-0.2080717631627879,-0.5789003033935658,-0.6136235301588334,-0.5057700548185686
DICER1,2,0.0044444444444444444,0.0,0.3831008212130207,0.010726292875240932,0.0005486387717412743,-0.6149924209068336,-0.2080717631627879,-0.5773884044346109,-0.6182548029044016,-0.5063939295758912
SMARCE1,3,0.006666666666666666,9.814126864664849e-06,0.3291677293207515,0.00534483642176212,0.0006991833735893358,-0.5693887408954916,-0.2074760008610897,-0.7296962604368098,-0.5624764303833643,-0.5095895976927294
LZTR1,3,0.006666666666666666,0.0,0.3161074373418238,0.00575069276531904,0.0006341858228753568,-0.5693887408954916,-0.2080717631627879,-0.7182095727591484,-0.5865587126583433,-0.5122576571876174
PPM1D,2,0.0044444444444444444,0.0,0.3810648558212774,0.00941454860113078,0.0005581102947577509,-0.6149924209068336,-0.2080717631627879,-0.6145138480278088,-0.6147455031176992,-0.5131171583371904
ZEB2,3,0.006666666666666666,4.07906866704194e-06,0.32716518800168987,0.004003933217656397,0.0007225427390742656,-0.5693887408954916,-0.20782414507394786,-0.7676469702287283,-0.5538215375882809,-0.5155357971453108
DCC,3,0.006666666666666666,0.0,0.322022621423819,0.004072320981935978,0.0007041109725347208,-0.5693887408954916,-0.2080717631627879,-0.7657114358907195,-0.5606507026838261,-0.5165764278190281
CYP27B1,2,0.0044444444444444444,0.0006101982699809517,0.3217817668079448,0.002790429439497763,0.0008831362362112754,-0.6149924209068336,-0.17102994264944413,-0.8019919770683599,-0.49431994272668056,-0.5172672169387609
SOX4,2,0.0044444444444444444,0.0,0.3621399176954732,0.008747377544363773,0.0005518916126791844,-0.6149924209068336,-0.2080717631627879,-0.6333963557878066,-0.6170495908186867,-0.5173544774293874
ACTA2,3,0.006666666666666666,3.1224863764821195e-05,0.3311949362757676,0.0036360298455855294,0.000718124484169273,-0.5693887408954916,-0.20617627139227496,-0.7780594996806519,-0.5554585479158403,-0.5175337366807893
METTL3,3,0.006666666666666666,1.8743034057768555e-05,0.32891607203533807,0.003827326926962257,0.0007039681542344797,-0.5693887408954916,-0.20693397543444011,-0.7726453430158456,-0.5607036183796124,-0.5176893454511238
PRKN,2,0.0044444444444444444,0.0,0.3807276302851524,0.008044147524472871,0.0005844144628869043,-0.6149924209068336,-0.2080717631627879,-0.653299416888808,-0.6049995296935262,-0.5189250774245556
KRT19,3,0.006666666666666666,3.239522170479854e-06,0.28854609136299275,0.0007794711230430795,0.0009036431116928969,-0.5693887408954916,-0.20787510937877818,-0.8589068201664598,-0.4867219277476324,-0.5203805862409351
FLCN,3,0.006666666666666666,0.0,0.31040564373897706,0.003823034485297006,0.0006578889145771119,-0.5693887408954916,-0.2080717631627879,-0.772766829195786,-0.5777764656524017,-0.5214126590737567
HNF1A,2,0.0044444444444444444,0.0,0.3618353424913559,0.0076606707105853645,0.0005638501777030049,-0.6149924209068336,-0.2080717631627879,-0.6641527113184236,-0.6126188155764837,-0.5226195934870702
FOLH1,2,0.0044444444444444444,0.0,0.35881753312945974,0.007488259245608397,0.0005621719286913102,-0.6149924209068336,-0.2080717631627879,-0.6690323606861824,-0.6132406246444159,-0.5237198851742084
GATA2,2,0.0044444444444444444,0.0,0.3461160275319567,0.006435755292876432,0.0005653170716706724,-0.6149924209068336,-0.2080717631627879,-0.6988206943576027,-0.6120753157952028,-0.5294444901386499
SUFU,2,0.0044444444444444444,0.0,0.34751391132651227,0.004603539090555711,0.0006952642365199347,-0.6149924209068336,-0.2080717631627879,-0.7506767158492498,-0.5639285122563409,-0.5301863337292069
CYP24A1,2,0.0044444444444444444,2.7839643652561248e-05,0.26249067859806113,0.000195825072505361,0.0010177464836038984,-0.6149924209068336,-0.20638176970645472,-0.8754253740914082,-0.44444541762220297,-0.5308169480867276
MUC16,2,0.0044444444444444444,0.0,0.3497741644083107,0.005353826275028286,0.00059764661583836,-0.6149924209068336,-0.2080717631627879,-0.7294418264766764,-0.6000968766091828,-0.5331730287252606
MESP1,1,0.0022222222222222222,0.0,0.13977330156667386,1.2552711070061252e-09,0.0012119736656156553,-0.6605961009181756,-0.2080717631627879,-0.8809676480120371,-0.37248218560344815,-0.5339165428351554
MXI1,2,0.0044444444444444444,3.3862283305490433e-06,0.3384911268467523,0.004616936791062729,0.0005864054821567278,-0.6149924209068336,-0.20786620364515548,-0.7502975294603561,-0.6042618359259286,-0.5381257713059376
SDHA,2,0.0044444444444444444,0.0,0.2479666986871598,0.00020204564759321748,0.0008064407011483571,-0.6149924209068336,-0.2080717631627879,-0.8752493172073801,-0.5227364523386114,-0.5468624420172871
VANGL1,2,0.0044444444444444444,1.802948350832538e-05,0.28510418967675427,0.0009400623693595082,0.0007220885975142005,-0.6149924209068336,-0.20697729121011496,-0.8543617107466178,-0.5539898018555056,-0.5486619726403452
SPARC,2,0.0044444444444444444,2.544991347183379e-05,0.3179765130984643,0.002474600529737792,0.0005964847500456916,-0.6149924209068336,-0.20652683723742724,-0.8109306769398337,-0.6005273602147545,-0.5491706640576661
SPDYE5,2,0.0044444444444444444,0.0,0.31040564373897706,0.0021043381941672555,0.0006178322076330799,-0.6149924209068336,-0.2080717631627879,-0.8214099705988318,-0.5926179006455023,-0.5500708623569556
SPDYE6,2,0.0044444444444444444,0.0,0.31040564373897706,0.0021043381941672555,0.0006178322076330799,-0.6149924209068336,-0.2080717631627879,-0.8214099705988318,-0.5926179006455023,-0.5500708623569556
SPDYE2B,2,0.0044444444444444444,0.0,0.31040564373897706,0.0021043381941672555,0.0006178322076330799,-0.6149924209068336,-0.2080717631627879,-0.8214099705988318,-0.5926179006455023,-0.5500708623569556
SPDYE16,2,0.0044444444444444444,0.0,0.31040564373897706,0.0021043381941672555,0.0006178322076330799,-0.6149924209068336,-0.2080717631627879,-0.8214099705988318,-0.5926179006455023,-0.5500708623569556
GJA1,2,0.0044444444444444444,0.0,0.30490589810221275,0.002072168771087636,0.0006200641542955114,-0.6149924209068336,-0.2080717631627879,-0.8223204408219843,-0.5917909407222909,-0.5500875644169438
DHFR,1,0.0022222222222222222,0.0,0.3797195253505933,0.006891662635229894,0.0004512611373923714,-0.6605961009181756,-0.2080717631627879,-0.6859174458690588,-0.6543342497743222,-0.5512769152407346
DAPK1,1,0.0022222222222222222,0.0,0.3797195253505933,0.006891662635229894,0.0004512611373923714,-0.6605961009181756,-0.2080717631627879,-0.6859174458690588,-0.6543342497743222,-0.5512769152407346
TNFRSF10B,1,0.0022222222222222222,0.0,0.3797195253505933,0.006891662635229894,0.0004512611373923714,-0.6605961009181756,-0.2080717631627879,-0.6859174458690588,-0.6543342497743222,-0.5512769152407346
KRT7,1,0.0022222222222222222,0.0,0.3797195253505933,0.006891662635229894,0.0004512611373923714,-0.6605961009181756,-0.2080717631627879,-0.6859174458690588,-0.6543342497743222,-0.5512769152407346
TNFRSF10A,1,0.0022222222222222222,0.0,0.3797195253505933,0.006891662635229894,0.0004512611373923714,-0.6605961009181756,-0.2080717631627879,-0.6859174458690588,-0.6543342497743222,-0.5512769152407346
POLK,1,0.0022222222222222222,0.0,0.3797195253505933,0.006891662635229894,0.0004512611373923714,-0.6605961009181756,-0.2080717631627879,-0.6859174458690588,-0.6543342497743222,-0.5512769152407346
MDM4,1,0.0022222222222222222,0.0,0.3797195253505933,0.006891662635229894,0.0004512611373923714,-0.6605961009181756,-0.2080717631627879,-0.6859174458690588,-0.6543342497743222,-0.5512769152407346
ADAR,2,0.0044444444444444444,1.855976243504083e-05,0.29670498084291186,0.0010267398589734265,0.0006785425355846374,-0.6149924209068336,-0.20694510085856577,-0.8519085342281654,-0.5701240798987846,-0.5513901453574233
PBRM1,2,0.0044444444444444444,0.0,0.28738959400282044,0.001393897998543284,0.0006136514280262029,-0.6149924209068336,-0.2080717631627879,-0.8415170966062012,-0.5941669238550898,-0.554402092200347
GSTM3,1,0.0022222222222222222,0.0,0.21193212917350848,8.38653066382049e-06,0.0009055922827057646,-0.6605961009181756,-0.2080717631627879,-0.8807303250255755,-0.4859997392033187,-0.5565725889578372
ABCC1,1,0.0022222222222222222,0.0,0.239278210357187,5.414569380801014e-05,0.0008245589141605289,-0.6605961009181756,-0.2080717631627879,-0.879435233243045,-0.5160234621522984,-0.5623183151911271
BUB1,1,0.0022222222222222222,0.0,0.239278210357187,5.414569380801014e-05,0.0008245589141605289,-0.6605961009181756,-0.2080717631627879,-0.879435233243045,-0.5160234621522984,-0.5623183151911271
MT-CYB,1,0.0022222222222222222,0.0,0.3450057916778045,0.00470361892431423,0.0004423496187883382,-0.6605961009181756,-0.2080717631627879,-0.7478442215160545,-0.6576360619836075,-0.5643226328119908
SPINK1,1,0.0022222222222222222,0.0,0.3532202152891808,0.004594324694241904,0.0004504707133974994,-0.6605961009181756,-0.2080717631627879,-0.7509375049049716,-0.654627110252176,-0.5643394991434879
EFEMP1,1,0.0022222222222222222,0.0,0.3532202152891808,0.004594324694241904,0.0004504707133974994,-0.6605961009181756,-0.2080717631627879,-0.7509375049049716,-0.654627110252176,-0.5643394991434879
ABCB1,1,0.0022222222222222222,0.0,0.34695340501792116,0.0045943944466938684,0.00044329788814040903,-0.6605961009181756,-0.2080717631627879,-0.7509355307467671,-0.6572847181259016,-0.5648706258865922
CTNNA3,1,0.0022222222222222222,0.0,0.34723343197919465,0.004459878211694032,0.00045030233365651916,-0.6605961009181756,-0.2080717631627879,-0.7547426561090971,-0.6546894967330069,-0.5651130066804793
RECQL,1,0.0022222222222222222,0.0,0.3363739032230041,0.004730230757942593,0.0004249914442350475,-0.6605961009181756,-0.2080717631627879,-0.7470910441263902,-0.6640674498555937,-0.5654582749084552
MYLK,1,0.0022222222222222222,0.0,0.23318277627220715,4.042912678504314e-05,0.0006767138594250201,-0.6605961009181756,-0.2080717631627879,-0.8798234443031991,-0.5708016238213119,-0.5733515897369607
CYP1A1,1,0.0022222222222222222,0.0,0.2808239048447926,0.00029616370423712565,0.000647529627937151,-0.6605961009181756,-0.2080717631627879,-0.872585555167782,-0.5816146912822991,-0.5740666254020748
LEFTY2,1,0.0022222222222222222,0.0,0.2593262340097783,0.00016981063780845362,0.000652067635371629,-0.6605961009181756,-0.2080717631627879,-0.8761616436883188,-0.5799333113717858,-0.5744455671240793
AIP,1,0.0022222222222222222,0.0,0.32106135986733003,0.002785430852549528,0.0004504660451916137,-0.6605961009181756,-0.2080717631627879,-0.8021334488181933,-0.6546288398719943,-0.574579033850096
EPHB2,1,0.0022222222222222222,0.0,0.32106135986733003,0.002785430852549528,0.0004504660451916137,-0.6605961009181756,-0.2080717631627879,-0.8021334488181933,-0.6546288398719943,-0.574579033850096
UPK2,1,0.0022222222222222222,0.0,0.2421059213405865,6.640712444882247e-05,0.0006274525592348784,-0.6605961009181756,-0.2080717631627879,-0.8790882059598984,-0.5890534582886118,-0.5768549089617605
NME1,1,0.0022222222222222222,0.0,0.28529325081049217,0.0003826133609244991,0.0005979002951356828,-0.6605961009181756,-0.2080717631627879,-0.8701388268562171,-0.6000028857375524,-0.5772549186308124
OGG1,1,0.0022222222222222222,0.0,0.28529325081049217,0.0003826133609244991,0.0005979002951356828,-0.6605961009181756,-0.2080717631627879,-0.8701388268562171,-0.6000028857375524,-0.5772549186308124
NKX2-1,1,0.0022222222222222222,0.0,0.3189193641380446,0.002188380630616222,0.0004553990371909841,-0.6605961009181756,-0.2080717631627879,-0.8190313722733787,-0.652801113988725,-0.5775930733644792
CYP17A1,1,0.0022222222222222222,0.0,0.27007044709492917,0.0003283401754152783,0.0005767010026437172,-0.6605961009181756,-0.2080717631627879,-0.8716748854668884,-0.6078574485666648,-0.5791330429187691
PSMA3,1,0.0022222222222222222,0.0,0.3106297633373446,0.001796826507564959,0.0004524059332091079,-0.6605961009181756,-0.2080717631627879,-0.8301132735219167,-0.653910090775975,-0.5800312489716367
SLX4,1,0.0022222222222222222,0.0,0.2786413356361543,0.0003033180429780131,0.0005656638278380434,-0.6605961009181756,-0.2080717631627879,-0.872383070579426,-0.6119468389555145,-0.5800925580190466
TIMP2,1,0.0022222222222222222,0.0,0.30340072089014264,0.0016591806993849882,0.00046186709701020166,-0.6605961009181756,-0.2080717631627879,-0.8340089731550576,-0.6504046291885008,-0.5801092965807702
HOXB13,1,0.0022222222222222222,0.0,0.3079615048118985,0.001468643825175165,0.000455937588330494,-0.6605961009181756,-0.2080717631627879,-0.8394016141716915,-0.6526015750765857,-0.5816272139617138
CFTR,1,0.0022222222222222222,0.0,0.26026752705518585,0.00017417260695880486,0.0005472771528202624,-0.6605961009181756,-0.2080717631627879,-0.8760381897172644,-0.6187592971637478,-0.5821860734882609
FANCF,1,0.0022222222222222222,0.0,0.2650783870746902,0.0017306682648788924,0.00042811988271843884,-0.6605961009181756,-0.2080717631627879,-0.83198570716279,-0.6629083301994013,-0.5822053835844967
PHOX2B,1,0.0022222222222222222,0.0,0.3031869078380706,0.0011343990579997549,0.00046785908544043483,-0.6605961009181756,-0.2080717631627879,-0.8488615260577259,-0.6481845338898291,-0.5826357881015695
UVRAG,1,0.0022222222222222222,0.0,0.30169861305906187,0.0011524848892429773,0.0004657475605277924,-0.6605961009181756,-0.2080717631627879,-0.8483496545589067,-0.6489668762768626,-0.5826898822792123
TBX3,1,0.0022222222222222222,0.0,0.2944710624382082,0.0006695268496710634,0.0005017304566438356,-0.6605961009181756,-0.2080717631627879,-0.8620185013073871,-0.635634831425649,-0.5827572426586657
TFF1,1,0.0022222222222222222,0.0,0.28510418967675427,0.0004942410321938539,0.0005148477968584965,-0.6605961009181756,-0.2080717631627879,-0.8669795016013295,-0.6307747176786481,-0.582777419968054
MTHFR,1,0.0022222222222222222,0.0,0.2795466031333477,0.00030054490360906943,0.0005294896031606481,-0.6605961009181756,-0.2080717631627879,-0.8724615569362943,-0.625349773069033,-0.582788842113124
GREM1,1,0.0022222222222222222,0.0,0.29897305227395565,0.0009511923292967857,0.00046995158535064396,-0.6605961009181756,-0.2080717631627879,-0.8540467067416442,-0.647409240468085,-0.5835177655540043
GSTM1,1,0.0022222222222222222,0.0,0.27246499190767715,0.0003377034693078598,0.000503451882035719,-0.6605961009181756,-0.2080717631627879,-0.8714098822600009,-0.6349970250506815,-0.5845079575741949
