#term ID	term description	observed gene count	background gene count	strength	signal	false discovery rate	matching proteins in your network (IDs)	matching proteins in your network (labels)
hsa05200	Pathways in cancer	23	515	1.48	4.29	9.05e-29	9606.ENSP00000227507,9606.ENSP00000263253,9606.ENSP00000263967,9606.ENSP00000264498,9606.ENSP00000264657,9606.ENSP00000265171,9606.ENSP00000269305,9606.ENSP00000269571,9606.ENSP00000275493,9606.ENSP00000300305,9606.ENSP00000346839,9606.ENSP00000360266,9606.ENSP00000361021,9606.ENSP00000369497,9606.ENSP00000371067,9606.ENSP00000376345,9606.ENSP00000381185,9606.ENSP00000385675,9606.ENSP00000405330,9606.ENSP00000428056,9606.ENSP00000451828,9606.ENSP00000478887,9606.ENSP00000495360	CCND1,EP300,PIK3CA,FGF2,STAT3,EGF,TP53,ERBB2,EGFR,RUNX1,FN1,JUN,PTEN,BRCA2,JAK2,GRB2,BCL2,IL6,ESR1,PIK3R1,AKT1,MYC,CTNNB1
hsa05224	Breast cancer	17	146	1.9	6.7	1.33e-26	9606.ENSP00000227507,9606.ENSP00000263967,9606.ENSP00000264498,9606.ENSP00000265171,9606.ENSP00000269305,9606.ENSP00000269571,9606.ENSP00000275493,9606.ENSP00000360266,9606.ENSP00000361021,9606.ENSP00000369497,9606.ENSP00000376345,9606.ENSP00000405330,9606.ENSP00000418960,9606.ENSP00000428056,9606.ENSP00000451828,9606.ENSP00000478887,9606.ENSP00000495360	CCND1,PIK3CA,FGF2,EGF,TP53,ERBB2,EGFR,JUN,PTEN,BRCA2,GRB2,ESR1,BRCA1,PIK3R1,AKT1,MYC,CTNNB1
hsa05205	Proteoglycans in cancer	17	194	1.77	5.72	8.46e-25	9606.ENSP00000227507,9606.ENSP00000263967,9606.ENSP00000264498,9606.ENSP00000264657,9606.ENSP00000269305,9606.ENSP00000269571,9606.ENSP00000275493,9606.ENSP00000346839,9606.ENSP00000362680,9606.ENSP00000376345,9606.ENSP00000398698,9606.ENSP00000405330,9606.ENSP00000428056,9606.ENSP00000451828,9606.ENSP00000478887,9606.ENSP00000489597,9606.ENSP00000495360	CCND1,PIK3CA,FGF2,STAT3,TP53,ERBB2,EGFR,FN1,SRC,GRB2,TNF,ESR1,PIK3R1,AKT1,MYC,PTPN11,CTNNB1
hsa01521	EGFR tyrosine kinase inhibitor resistance	14	77	2.09	7.19	4.27e-24	9606.ENSP00000263967,9606.ENSP00000264498,9606.ENSP00000264657,9606.ENSP00000265171,9606.ENSP00000269571,9606.ENSP00000275493,9606.ENSP00000361021,9606.ENSP00000362680,9606.ENSP00000371067,9606.ENSP00000376345,9606.ENSP00000381185,9606.ENSP00000385675,9606.ENSP00000428056,9606.ENSP00000451828	PIK3CA,FGF2,STAT3,EGF,ERBB2,EGFR,PTEN,SRC,JAK2,GRB2,BCL2,IL6,PIK3R1,AKT1
hsa05213	Endometrial cancer	12	58	2.15	6.66	4.90e-21	9606.ENSP00000227507,9606.ENSP00000263967,9606.ENSP00000265171,9606.ENSP00000269305,9606.ENSP00000269571,9606.ENSP00000275493,9606.ENSP00000361021,9606.ENSP00000376345,9606.ENSP00000428056,9606.ENSP00000451828,9606.ENSP00000478887,9606.ENSP00000495360	CCND1,PIK3CA,EGF,TP53,ERBB2,EGFR,PTEN,GRB2,PIK3R1,AKT1,MYC,CTNNB1
hsa04151	PI3K-Akt signaling pathway	17	349	1.52	3.94	5.99e-21	9606.ENSP00000227507,9606.ENSP00000263967,9606.ENSP00000264498,9606.ENSP00000265171,9606.ENSP00000269305,9606.ENSP00000269571,9606.ENSP00000275493,9606.ENSP00000346839,9606.ENSP00000361021,9606.ENSP00000371067,9606.ENSP00000376345,9606.ENSP00000381185,9606.ENSP00000385675,9606.ENSP00000418960,9606.ENSP00000428056,9606.ENSP00000451828,9606.ENSP00000478887	CCND1,PIK3CA,FGF2,EGF,TP53,ERBB2,EGFR,FN1,PTEN,JAK2,GRB2,BCL2,IL6,BRCA1,PIK3R1,AKT1,MYC
hsa05215	Prostate cancer	13	97	1.96	5.94	7.32e-21	9606.ENSP00000227507,9606.ENSP00000263253,9606.ENSP00000263967,9606.ENSP00000265171,9606.ENSP00000269305,9606.ENSP00000269571,9606.ENSP00000275493,9606.ENSP00000361021,9606.ENSP00000376345,9606.ENSP00000381185,9606.ENSP00000428056,9606.ENSP00000451828,9606.ENSP00000495360	CCND1,EP300,PIK3CA,EGF,TP53,ERBB2,EGFR,PTEN,GRB2,BCL2,PIK3R1,AKT1,CTNNB1
hsa04630	JAK-STAT signaling pathway	14	158	1.78	5.08	2.49e-20	9606.ENSP00000227507,9606.ENSP00000263253,9606.ENSP00000263967,9606.ENSP00000264657,9606.ENSP00000265171,9606.ENSP00000275493,9606.ENSP00000371067,9606.ENSP00000376345,9606.ENSP00000381185,9606.ENSP00000385675,9606.ENSP00000428056,9606.ENSP00000451828,9606.ENSP00000478887,9606.ENSP00000489597	CCND1,EP300,PIK3CA,STAT3,EGF,EGFR,JAK2,GRB2,BCL2,IL6,PIK3R1,AKT1,MYC,PTPN11
hsa05161	Hepatitis B	14	158	1.78	5.08	2.49e-20	9606.ENSP00000263253,9606.ENSP00000263967,9606.ENSP00000264657,9606.ENSP00000269305,9606.ENSP00000360266,9606.ENSP00000362680,9606.ENSP00000371067,9606.ENSP00000376345,9606.ENSP00000381185,9606.ENSP00000385675,9606.ENSP00000398698,9606.ENSP00000428056,9606.ENSP00000451828,9606.ENSP00000478887	EP300,PIK3CA,STAT3,TP53,JUN,SRC,JAK2,GRB2,BCL2,IL6,TNF,PIK3R1,AKT1,MYC
hsa05206	MicroRNAs in cancer	14	159	1.78	5.07	2.49e-20	9606.ENSP00000227507,9606.ENSP00000263253,9606.ENSP00000263967,9606.ENSP00000264657,9606.ENSP00000269305,9606.ENSP00000269571,9606.ENSP00000275493,9606.ENSP00000278616,9606.ENSP00000361021,9606.ENSP00000376345,9606.ENSP00000381185,9606.ENSP00000418960,9606.ENSP00000428056,9606.ENSP00000478887	CCND1,EP300,PIK3CA,STAT3,TP53,ERBB2,EGFR,ATM,PTEN,GRB2,BCL2,BRCA1,PIK3R1,MYC
hsa05210	Colorectal cancer	12	82	2.0	5.83	9.81e-20	9606.ENSP00000227507,9606.ENSP00000263967,9606.ENSP00000265171,9606.ENSP00000269305,9606.ENSP00000275493,9606.ENSP00000360266,9606.ENSP00000376345,9606.ENSP00000381185,9606.ENSP00000428056,9606.ENSP00000451828,9606.ENSP00000478887,9606.ENSP00000495360	CCND1,PIK3CA,EGF,TP53,EGFR,JUN,GRB2,BCL2,PIK3R1,AKT1,MYC,CTNNB1
hsa05167	Kaposi sarcoma-associated herpesvirus infection	14	187	1.71	4.64	1.56e-19	9606.ENSP00000227507,9606.ENSP00000263253,9606.ENSP00000263967,9606.ENSP00000264498,9606.ENSP00000264657,9606.ENSP00000269305,9606.ENSP00000360266,9606.ENSP00000362680,9606.ENSP00000371067,9606.ENSP00000385675,9606.ENSP00000428056,9606.ENSP00000451828,9606.ENSP00000478887,9606.ENSP00000495360	CCND1,EP300,PIK3CA,FGF2,STAT3,TP53,JUN,SRC,JAK2,IL6,PIK3R1,AKT1,MYC,CTNNB1
hsa04510	Focal adhesion	14	195	1.69	4.53	2.52e-19	9606.ENSP00000227507,9606.ENSP00000263967,9606.ENSP00000265171,9606.ENSP00000269571,9606.ENSP00000275493,9606.ENSP00000346839,9606.ENSP00000360266,9606.ENSP00000361021,9606.ENSP00000362680,9606.ENSP00000376345,9606.ENSP00000381185,9606.ENSP00000428056,9606.ENSP00000451828,9606.ENSP00000495360	CCND1,PIK3CA,EGF,ERBB2,EGFR,FN1,JUN,PTEN,SRC,GRB2,BCL2,PIK3R1,AKT1,CTNNB1
hsa01522	Endocrine resistance	12	94	1.94	5.5	3.52e-19	9606.ENSP00000227507,9606.ENSP00000263967,9606.ENSP00000269305,9606.ENSP00000269571,9606.ENSP00000275493,9606.ENSP00000360266,9606.ENSP00000362680,9606.ENSP00000376345,9606.ENSP00000381185,9606.ENSP00000405330,9606.ENSP00000428056,9606.ENSP00000451828	CCND1,PIK3CA,TP53,ERBB2,EGFR,JUN,SRC,GRB2,BCL2,ESR1,PIK3R1,AKT1
hsa04933	AGE-RAGE signaling pathway in diabetic complications	12	96	1.93	5.45	4.15e-19	9606.ENSP00000227507,9606.ENSP00000263341,9606.ENSP00000263967,9606.ENSP00000264657,9606.ENSP00000346839,9606.ENSP00000360266,9606.ENSP00000371067,9606.ENSP00000381185,9606.ENSP00000385675,9606.ENSP00000398698,9606.ENSP00000428056,9606.ENSP00000451828	CCND1,IL1B,PIK3CA,STAT3,FN1,JUN,JAK2,BCL2,IL6,TNF,PIK3R1,AKT1
hsa05226	Gastric cancer	13	146	1.78	4.88	4.69e-19	9606.ENSP00000227507,9606.ENSP00000263967,9606.ENSP00000264498,9606.ENSP00000265171,9606.ENSP00000269305,9606.ENSP00000269571,9606.ENSP00000275493,9606.ENSP00000376345,9606.ENSP00000381185,9606.ENSP00000428056,9606.ENSP00000451828,9606.ENSP00000478887,9606.ENSP00000495360	CCND1,PIK3CA,FGF2,EGF,TP53,ERBB2,EGFR,GRB2,BCL2,PIK3R1,AKT1,MYC,CTNNB1
hsa05163	Human cytomegalovirus infection	14	217	1.64	4.26	8.04e-19	9606.ENSP00000227507,9606.ENSP00000263341,9606.ENSP00000263967,9606.ENSP00000264657,9606.ENSP00000269305,9606.ENSP00000275493,9606.ENSP00000362680,9606.ENSP00000376345,9606.ENSP00000385675,9606.ENSP00000398698,9606.ENSP00000428056,9606.ENSP00000451828,9606.ENSP00000478887,9606.ENSP00000495360	CCND1,IL1B,PIK3CA,STAT3,TP53,EGFR,SRC,GRB2,IL6,TNF,PIK3R1,AKT1,MYC,CTNNB1
hsa04068	FoxO signaling pathway	12	126	1.81	4.78	7.38e-18	9606.ENSP00000227507,9606.ENSP00000263253,9606.ENSP00000263967,9606.ENSP00000264657,9606.ENSP00000265171,9606.ENSP00000275493,9606.ENSP00000278616,9606.ENSP00000361021,9606.ENSP00000376345,9606.ENSP00000385675,9606.ENSP00000428056,9606.ENSP00000451828	CCND1,EP300,PIK3CA,STAT3,EGF,EGFR,ATM,PTEN,GRB2,IL6,PIK3R1,AKT1
hsa05160	Hepatitis C	12	157	1.72	4.24	8.51e-17	9606.ENSP00000227507,9606.ENSP00000263967,9606.ENSP00000264657,9606.ENSP00000265171,9606.ENSP00000269305,9606.ENSP00000275493,9606.ENSP00000376345,9606.ENSP00000398698,9606.ENSP00000428056,9606.ENSP00000451828,9606.ENSP00000478887,9606.ENSP00000495360	CCND1,PIK3CA,STAT3,EGF,TP53,EGFR,GRB2,TNF,PIK3R1,AKT1,MYC,CTNNB1
hsa05165	Human papillomavirus infection	14	324	1.47	3.29	1.48e-16	9606.ENSP00000227507,9606.ENSP00000263253,9606.ENSP00000263967,9606.ENSP00000265171,9606.ENSP00000269305,9606.ENSP00000275493,9606.ENSP00000278616,9606.ENSP00000346839,9606.ENSP00000361021,9606.ENSP00000376345,9606.ENSP00000398698,9606.ENSP00000428056,9606.ENSP00000451828,9606.ENSP00000495360	CCND1,EP300,PIK3CA,EGF,TP53,EGFR,ATM,FN1,PTEN,GRB2,TNF,PIK3R1,AKT1,CTNNB1
hsa05223	Non-small cell lung cancer	10	68	2.0	5.08	1.55e-16	9606.ENSP00000227507,9606.ENSP00000263967,9606.ENSP00000264657,9606.ENSP00000265171,9606.ENSP00000269305,9606.ENSP00000269571,9606.ENSP00000275493,9606.ENSP00000376345,9606.ENSP00000428056,9606.ENSP00000451828	CCND1,PIK3CA,STAT3,EGF,TP53,ERBB2,EGFR,GRB2,PIK3R1,AKT1
hsa05212	Pancreatic cancer	10	71	1.98	4.99	2.20e-16	9606.ENSP00000227507,9606.ENSP00000263967,9606.ENSP00000264657,9606.ENSP00000265171,9606.ENSP00000269305,9606.ENSP00000269571,9606.ENSP00000275493,9606.ENSP00000369497,9606.ENSP00000428056,9606.ENSP00000451828	CCND1,PIK3CA,STAT3,EGF,TP53,ERBB2,EGFR,BRCA2,PIK3R1,AKT1
hsa04012	ErbB signaling pathway	10	81	1.92	4.72	7.13e-16	9606.ENSP00000263967,9606.ENSP00000265171,9606.ENSP00000269571,9606.ENSP00000275493,9606.ENSP00000360266,9606.ENSP00000362680,9606.ENSP00000376345,9606.ENSP00000428056,9606.ENSP00000451828,9606.ENSP00000478887	PIK3CA,EGF,ERBB2,EGFR,JUN,SRC,GRB2,PIK3R1,AKT1,MYC
hsa05235	PD-L1 expression and PD-1 checkpoint pathway in cancer	10	87	1.89	4.57	1.33e-15	9606.ENSP00000263967,9606.ENSP00000264657,9606.ENSP00000265171,9606.ENSP00000275493,9606.ENSP00000360266,9606.ENSP00000361021,9606.ENSP00000371067,9606.ENSP00000428056,9606.ENSP00000451828,9606.ENSP00000489597	PIK3CA,STAT3,EGF,EGFR,JUN,PTEN,JAK2,PIK3R1,AKT1,PTPN11
hsa05166	Human T-cell leukemia virus 1 infection	12	210	1.59	3.6	1.80e-15	9606.ENSP00000227507,9606.ENSP00000263253,9606.ENSP00000263967,9606.ENSP00000269305,9606.ENSP00000278616,9606.ENSP00000360266,9606.ENSP00000361021,9606.ENSP00000385675,9606.ENSP00000398698,9606.ENSP00000428056,9606.ENSP00000451828,9606.ENSP00000478887	CCND1,EP300,PIK3CA,TP53,ATM,JUN,PTEN,IL6,TNF,PIK3R1,AKT1,MYC
hsa04066	HIF-1 signaling pathway	10	102	1.82	4.24	5.46e-15	9606.ENSP00000263253,9606.ENSP00000263967,9606.ENSP00000264657,9606.ENSP00000265171,9606.ENSP00000269571,9606.ENSP00000275493,9606.ENSP00000381185,9606.ENSP00000385675,9606.ENSP00000428056,9606.ENSP00000451828	EP300,PIK3CA,STAT3,EGF,ERBB2,EGFR,BCL2,IL6,PIK3R1,AKT1
hsa04917	Prolactin signaling pathway	9	68	1.95	4.47	1.52e-14	9606.ENSP00000227507,9606.ENSP00000263967,9606.ENSP00000264657,9606.ENSP00000362680,9606.ENSP00000371067,9606.ENSP00000376345,9606.ENSP00000405330,9606.ENSP00000428056,9606.ENSP00000451828	CCND1,PIK3CA,STAT3,SRC,JAK2,GRB2,ESR1,PIK3R1,AKT1
hsa05214	Glioma	9	71	1.94	4.39	2.10e-14	9606.ENSP00000227507,9606.ENSP00000263967,9606.ENSP00000265171,9606.ENSP00000269305,9606.ENSP00000275493,9606.ENSP00000361021,9606.ENSP00000376345,9606.ENSP00000428056,9606.ENSP00000451828	CCND1,PIK3CA,EGF,TP53,EGFR,PTEN,GRB2,PIK3R1,AKT1
hsa04919	Thyroid hormone signaling pathway	10	120	1.75	3.92	2.27e-14	9606.ENSP00000227507,9606.ENSP00000263253,9606.ENSP00000263967,9606.ENSP00000269305,9606.ENSP00000362680,9606.ENSP00000405330,9606.ENSP00000428056,9606.ENSP00000451828,9606.ENSP00000478887,9606.ENSP00000495360	CCND1,EP300,PIK3CA,TP53,SRC,ESR1,PIK3R1,AKT1,MYC,CTNNB1
hsa05218	Melanoma	9	72	1.93	4.37	2.27e-14	9606.ENSP00000227507,9606.ENSP00000263967,9606.ENSP00000264498,9606.ENSP00000265171,9606.ENSP00000269305,9606.ENSP00000275493,9606.ENSP00000361021,9606.ENSP00000428056,9606.ENSP00000451828	CCND1,PIK3CA,FGF2,EGF,TP53,EGFR,PTEN,PIK3R1,AKT1
hsa05220	Chronic myeloid leukemia	9	75	1.91	4.3	3.00e-14	9606.ENSP00000227507,9606.ENSP00000263967,9606.ENSP00000269305,9606.ENSP00000300305,9606.ENSP00000376345,9606.ENSP00000428056,9606.ENSP00000451828,9606.ENSP00000478887,9606.ENSP00000489597	CCND1,PIK3CA,TP53,RUNX1,GRB2,PIK3R1,AKT1,MYC,PTPN11
hsa05169	Epstein-Barr virus infection	11	192	1.59	3.41	3.22e-14	9606.ENSP00000227507,9606.ENSP00000263967,9606.ENSP00000264657,9606.ENSP00000269305,9606.ENSP00000360266,9606.ENSP00000381185,9606.ENSP00000385675,9606.ENSP00000398698,9606.ENSP00000428056,9606.ENSP00000451828,9606.ENSP00000478887	CCND1,PIK3CA,STAT3,TP53,JUN,BCL2,IL6,TNF,PIK3R1,AKT1,MYC
hsa05418	Fluid shear stress and atherosclerosis	10	129	1.72	3.79	3.95e-14	9606.ENSP00000263341,9606.ENSP00000263967,9606.ENSP00000269305,9606.ENSP00000360266,9606.ENSP00000362680,9606.ENSP00000381185,9606.ENSP00000398698,9606.ENSP00000428056,9606.ENSP00000451828,9606.ENSP00000495360	IL1B,PIK3CA,TP53,JUN,SRC,BCL2,TNF,PIK3R1,AKT1,CTNNB1
hsa05162	Measles	10	137	1.7	3.67	6.79e-14	9606.ENSP00000227507,9606.ENSP00000263341,9606.ENSP00000263967,9606.ENSP00000264657,9606.ENSP00000269305,9606.ENSP00000360266,9606.ENSP00000381185,9606.ENSP00000385675,9606.ENSP00000428056,9606.ENSP00000451828	CCND1,IL1B,PIK3CA,STAT3,TP53,JUN,BCL2,IL6,PIK3R1,AKT1
hsa05131	Shigellosis	11	218	1.53	3.17	1.12e-13	9606.ENSP00000263341,9606.ENSP00000263967,9606.ENSP00000269305,9606.ENSP00000275493,9606.ENSP00000278616,9606.ENSP00000360266,9606.ENSP00000362680,9606.ENSP00000381185,9606.ENSP00000398698,9606.ENSP00000428056,9606.ENSP00000451828	IL1B,PIK3CA,TP53,EGFR,ATM,JUN,SRC,BCL2,TNF,PIK3R1,AKT1
hsa05222	Small cell lung cancer	9	92	1.82	3.93	1.44e-13	9606.ENSP00000227507,9606.ENSP00000263967,9606.ENSP00000269305,9606.ENSP00000346839,9606.ENSP00000361021,9606.ENSP00000381185,9606.ENSP00000428056,9606.ENSP00000451828,9606.ENSP00000478887	CCND1,PIK3CA,TP53,FN1,PTEN,BCL2,PIK3R1,AKT1,MYC
hsa05225	Hepatocellular carcinoma	10	161	1.63	3.36	2.90e-13	9606.ENSP00000227507,9606.ENSP00000263967,9606.ENSP00000269305,9606.ENSP00000275493,9606.ENSP00000361021,9606.ENSP00000376345,9606.ENSP00000428056,9606.ENSP00000451828,9606.ENSP00000478887,9606.ENSP00000495360	CCND1,PIK3CA,TP53,EGFR,PTEN,GRB2,PIK3R1,AKT1,MYC,CTNNB1
hsa04625	C-type lectin receptor signaling pathway	9	101	1.78	3.76	3.01e-13	9606.ENSP00000263341,9606.ENSP00000263967,9606.ENSP00000360266,9606.ENSP00000362680,9606.ENSP00000385675,9606.ENSP00000398698,9606.ENSP00000428056,9606.ENSP00000451828,9606.ENSP00000489597	IL1B,PIK3CA,JUN,SRC,IL6,TNF,PIK3R1,AKT1,PTPN11
hsa05221	Acute myeloid leukemia	8	67	1.91	3.91	1.03e-12	9606.ENSP00000227507,9606.ENSP00000263967,9606.ENSP00000264657,9606.ENSP00000300305,9606.ENSP00000376345,9606.ENSP00000428056,9606.ENSP00000451828,9606.ENSP00000478887	CCND1,PIK3CA,STAT3,RUNX1,GRB2,PIK3R1,AKT1,MYC
hsa05230	Central carbon metabolism in cancer	8	68	1.9	3.89	1.12e-12	9606.ENSP00000263967,9606.ENSP00000269305,9606.ENSP00000269571,9606.ENSP00000275493,9606.ENSP00000361021,9606.ENSP00000428056,9606.ENSP00000451828,9606.ENSP00000478887	PIK3CA,TP53,ERBB2,EGFR,PTEN,PIK3R1,AKT1,MYC
hsa01524	Platinum drug resistance	8	70	1.89	3.84	1.36e-12	9606.ENSP00000263967,9606.ENSP00000269305,9606.ENSP00000269571,9606.ENSP00000278616,9606.ENSP00000381185,9606.ENSP00000418960,9606.ENSP00000428056,9606.ENSP00000451828	PIK3CA,TP53,ERBB2,ATM,BCL2,BRCA1,PIK3R1,AKT1
hsa05135	Yersinia infection	9	124	1.69	3.4	1.56e-12	9606.ENSP00000263341,9606.ENSP00000263967,9606.ENSP00000346839,9606.ENSP00000360266,9606.ENSP00000362680,9606.ENSP00000385675,9606.ENSP00000398698,9606.ENSP00000428056,9606.ENSP00000451828	IL1B,PIK3CA,FN1,JUN,SRC,IL6,TNF,PIK3R1,AKT1
hsa04010	MAPK signaling pathway	11	286	1.42	2.67	1.59e-12	9606.ENSP00000263341,9606.ENSP00000264498,9606.ENSP00000265171,9606.ENSP00000269305,9606.ENSP00000269571,9606.ENSP00000275493,9606.ENSP00000360266,9606.ENSP00000376345,9606.ENSP00000398698,9606.ENSP00000451828,9606.ENSP00000478887	IL1B,FGF2,EGF,TP53,ERBB2,EGFR,JUN,GRB2,TNF,AKT1,MYC
hsa04915	Estrogen signaling pathway	9	133	1.66	3.28	2.72e-12	9606.ENSP00000263967,9606.ENSP00000275493,9606.ENSP00000360266,9606.ENSP00000362680,9606.ENSP00000376345,9606.ENSP00000381185,9606.ENSP00000405330,9606.ENSP00000428056,9606.ENSP00000451828	PIK3CA,EGFR,JUN,SRC,GRB2,BCL2,ESR1,PIK3R1,AKT1
hsa05219	Bladder cancer	7	40	2.08	4.06	3.06e-12	9606.ENSP00000227507,9606.ENSP00000265171,9606.ENSP00000269305,9606.ENSP00000269571,9606.ENSP00000275493,9606.ENSP00000362680,9606.ENSP00000478887	CCND1,EGF,TP53,ERBB2,EGFR,SRC,MYC
hsa04550	Signaling pathways regulating pluripotency of stem cells	9	141	1.64	3.18	4.28e-12	9606.ENSP00000263967,9606.ENSP00000264498,9606.ENSP00000264657,9606.ENSP00000371067,9606.ENSP00000376345,9606.ENSP00000428056,9606.ENSP00000451828,9606.ENSP00000478887,9606.ENSP00000495360	PIK3CA,FGF2,STAT3,JAK2,GRB2,PIK3R1,AKT1,MYC,CTNNB1
hsa04218	Cellular senescence	9	150	1.61	3.07	7.12e-12	9606.ENSP00000227507,9606.ENSP00000263967,9606.ENSP00000269305,9606.ENSP00000278616,9606.ENSP00000361021,9606.ENSP00000385675,9606.ENSP00000428056,9606.ENSP00000451828,9606.ENSP00000478887	CCND1,PIK3CA,TP53,ATM,PTEN,IL6,PIK3R1,AKT1,MYC
hsa04931	Insulin resistance	8	106	1.71	3.18	2.63e-11	9606.ENSP00000263967,9606.ENSP00000264657,9606.ENSP00000361021,9606.ENSP00000385675,9606.ENSP00000398698,9606.ENSP00000428056,9606.ENSP00000451828,9606.ENSP00000489597	PIK3CA,STAT3,PTEN,IL6,TNF,PIK3R1,AKT1,PTPN11
hsa05203	Viral carcinogenesis	9	183	1.52	2.75	3.77e-11	9606.ENSP00000227507,9606.ENSP00000263253,9606.ENSP00000263967,9606.ENSP00000264657,9606.ENSP00000269305,9606.ENSP00000360266,9606.ENSP00000362680,9606.ENSP00000376345,9606.ENSP00000428056	CCND1,EP300,PIK3CA,STAT3,TP53,JUN,SRC,GRB2,PIK3R1
hsa04722	Neurotrophin signaling pathway	8	112	1.69	3.1	3.84e-11	9606.ENSP00000263967,9606.ENSP00000269305,9606.ENSP00000360266,9606.ENSP00000376345,9606.ENSP00000381185,9606.ENSP00000428056,9606.ENSP00000451828,9606.ENSP00000489597	PIK3CA,TP53,JUN,GRB2,BCL2,PIK3R1,AKT1,PTPN11
hsa05211	Renal cell carcinoma	7	65	1.86	3.37	6.17e-11	9606.ENSP00000263253,9606.ENSP00000263967,9606.ENSP00000360266,9606.ENSP00000376345,9606.ENSP00000428056,9606.ENSP00000451828,9606.ENSP00000489597	EP300,PIK3CA,JUN,GRB2,PIK3R1,AKT1,PTPN11
hsa05132	Salmonella infection	9	209	1.47	2.54	1.11e-10	9606.ENSP00000263341,9606.ENSP00000263967,9606.ENSP00000360266,9606.ENSP00000381185,9606.ENSP00000385675,9606.ENSP00000398698,9606.ENSP00000451828,9606.ENSP00000478887,9606.ENSP00000495360	IL1B,PIK3CA,JUN,BCL2,IL6,TNF,AKT1,MYC,CTNNB1
hsa04210	Apoptosis	8	131	1.62	2.86	1.19e-10	9606.ENSP00000263967,9606.ENSP00000269305,9606.ENSP00000278616,9606.ENSP00000360266,9606.ENSP00000381185,9606.ENSP00000398698,9606.ENSP00000428056,9606.ENSP00000451828	PIK3CA,TP53,ATM,JUN,BCL2,TNF,PIK3R1,AKT1
hsa05168	Herpes simplex virus 1 infection	11	478	1.19	1.86	2.79e-10	9606.ENSP00000263341,9606.ENSP00000263967,9606.ENSP00000269305,9606.ENSP00000362680,9606.ENSP00000371067,9606.ENSP00000381185,9606.ENSP00000385675,9606.ENSP00000398698,9606.ENSP00000428056,9606.ENSP00000451828,9606.ENSP00000489597	IL1B,PIK3CA,TP53,SRC,JAK2,BCL2,IL6,TNF,PIK3R1,AKT1,PTPN11
hsa05164	Influenza A	8	163	1.52	2.53	6.07e-10	9606.ENSP00000263253,9606.ENSP00000263341,9606.ENSP00000263967,9606.ENSP00000371067,9606.ENSP00000385675,9606.ENSP00000398698,9606.ENSP00000428056,9606.ENSP00000451828	EP300,IL1B,PIK3CA,JAK2,IL6,TNF,PIK3R1,AKT1
hsa05152	Tuberculosis	8	165	1.52	2.52	6.54e-10	9606.ENSP00000263253,9606.ENSP00000263341,9606.ENSP00000362680,9606.ENSP00000371067,9606.ENSP00000381185,9606.ENSP00000385675,9606.ENSP00000398698,9606.ENSP00000451828	EP300,IL1B,SRC,JAK2,BCL2,IL6,TNF,AKT1
hsa05231	Choline metabolism in cancer	7	95	1.7	2.85	6.72e-10	9606.ENSP00000263967,9606.ENSP00000265171,9606.ENSP00000275493,9606.ENSP00000360266,9606.ENSP00000376345,9606.ENSP00000428056,9606.ENSP00000451828	PIK3CA,EGF,EGFR,JUN,GRB2,PIK3R1,AKT1
hsa05142	Chagas disease	7	97	1.69	2.82	7.58e-10	9606.ENSP00000263341,9606.ENSP00000263967,9606.ENSP00000360266,9606.ENSP00000385675,9606.ENSP00000398698,9606.ENSP00000428056,9606.ENSP00000451828	IL1B,PIK3CA,JUN,IL6,TNF,PIK3R1,AKT1
hsa04620	Toll-like receptor signaling pathway	7	100	1.68	2.78	9.12e-10	9606.ENSP00000263341,9606.ENSP00000263967,9606.ENSP00000360266,9606.ENSP00000385675,9606.ENSP00000398698,9606.ENSP00000428056,9606.ENSP00000451828	IL1B,PIK3CA,JUN,IL6,TNF,PIK3R1,AKT1
hsa04668	TNF signaling pathway	7	111	1.63	2.64	1.79e-09	9606.ENSP00000263341,9606.ENSP00000263967,9606.ENSP00000360266,9606.ENSP00000385675,9606.ENSP00000398698,9606.ENSP00000428056,9606.ENSP00000451828	IL1B,PIK3CA,JUN,IL6,TNF,PIK3R1,AKT1
hsa04071	Sphingolipid signaling pathway	7	116	1.61	2.58	2.36e-09	9606.ENSP00000263967,9606.ENSP00000269305,9606.ENSP00000361021,9606.ENSP00000381185,9606.ENSP00000398698,9606.ENSP00000428056,9606.ENSP00000451828	PIK3CA,TP53,PTEN,BCL2,TNF,PIK3R1,AKT1
hsa04935	Growth hormone synthesis, secretion and action	7	117	1.61	2.57	2.46e-09	9606.ENSP00000263253,9606.ENSP00000263967,9606.ENSP00000264657,9606.ENSP00000371067,9606.ENSP00000376345,9606.ENSP00000428056,9606.ENSP00000451828	EP300,PIK3CA,STAT3,JAK2,GRB2,PIK3R1,AKT1
hsa04015	Rap1 signaling pathway	8	201	1.43	2.25	2.62e-09	9606.ENSP00000263967,9606.ENSP00000264498,9606.ENSP00000265171,9606.ENSP00000275493,9606.ENSP00000362680,9606.ENSP00000428056,9606.ENSP00000451828,9606.ENSP00000495360	PIK3CA,FGF2,EGF,EGFR,SRC,PIK3R1,AKT1,CTNNB1
hsa04380	Osteoclast differentiation	7	120	1.6	2.54	2.82e-09	9606.ENSP00000263341,9606.ENSP00000263967,9606.ENSP00000360266,9606.ENSP00000376345,9606.ENSP00000398698,9606.ENSP00000428056,9606.ENSP00000451828	IL1B,PIK3CA,JUN,GRB2,TNF,PIK3R1,AKT1
hsa04926	Relaxin signaling pathway	7	126	1.58	2.47	3.85e-09	9606.ENSP00000263967,9606.ENSP00000275493,9606.ENSP00000360266,9606.ENSP00000362680,9606.ENSP00000376345,9606.ENSP00000428056,9606.ENSP00000451828	PIK3CA,EGFR,JUN,SRC,GRB2,PIK3R1,AKT1
hsa04014	Ras signaling pathway	8	225	1.38	2.1	5.92e-09	9606.ENSP00000263967,9606.ENSP00000264498,9606.ENSP00000265171,9606.ENSP00000275493,9606.ENSP00000376345,9606.ENSP00000428056,9606.ENSP00000451828,9606.ENSP00000489597	PIK3CA,FGF2,EGF,EGFR,GRB2,PIK3R1,AKT1,PTPN11
hsa04932	Non-alcoholic fatty liver disease	7	146	1.51	2.29	9.97e-09	9606.ENSP00000263341,9606.ENSP00000263967,9606.ENSP00000360266,9606.ENSP00000385675,9606.ENSP00000398698,9606.ENSP00000428056,9606.ENSP00000451828	IL1B,PIK3CA,JUN,IL6,TNF,PIK3R1,AKT1
hsa04072	Phospholipase D signaling pathway	7	147	1.51	2.28	1.03e-08	9606.ENSP00000263967,9606.ENSP00000265171,9606.ENSP00000275493,9606.ENSP00000376345,9606.ENSP00000428056,9606.ENSP00000451828,9606.ENSP00000489597	PIK3CA,EGF,EGFR,GRB2,PIK3R1,AKT1,PTPN11
hsa04659	Th17 cell differentiation	6	99	1.61	2.3	4.12e-08	9606.ENSP00000263341,9606.ENSP00000264657,9606.ENSP00000300305,9606.ENSP00000360266,9606.ENSP00000371067,9606.ENSP00000385675	IL1B,STAT3,RUNX1,JUN,JAK2,IL6
hsa04660	T cell receptor signaling pathway	6	100	1.61	2.29	4.30e-08	9606.ENSP00000263967,9606.ENSP00000360266,9606.ENSP00000376345,9606.ENSP00000398698,9606.ENSP00000428056,9606.ENSP00000451828	PIK3CA,JUN,GRB2,TNF,PIK3R1,AKT1
hsa05146	Amoebiasis	6	101	1.61	2.28	4.49e-08	9606.ENSP00000263341,9606.ENSP00000263967,9606.ENSP00000346839,9606.ENSP00000385675,9606.ENSP00000398698,9606.ENSP00000428056	IL1B,PIK3CA,FN1,IL6,TNF,PIK3R1
hsa04062	Chemokine signaling pathway	7	186	1.41	1.99	4.67e-08	9606.ENSP00000263967,9606.ENSP00000264657,9606.ENSP00000362680,9606.ENSP00000371067,9606.ENSP00000376345,9606.ENSP00000428056,9606.ENSP00000451828	PIK3CA,STAT3,SRC,JAK2,GRB2,PIK3R1,AKT1
hsa05170	Human immunodeficiency virus 1 infection	7	203	1.37	1.89	8.25e-08	9606.ENSP00000263967,9606.ENSP00000278616,9606.ENSP00000360266,9606.ENSP00000381185,9606.ENSP00000398698,9606.ENSP00000428056,9606.ENSP00000451828	PIK3CA,ATM,JUN,BCL2,TNF,PIK3R1,AKT1
hsa04810	Regulation of actin cytoskeleton	7	209	1.36	1.85	9.88e-08	9606.ENSP00000263967,9606.ENSP00000264498,9606.ENSP00000265171,9606.ENSP00000275493,9606.ENSP00000346839,9606.ENSP00000362680,9606.ENSP00000428056	PIK3CA,FGF2,EGF,EGFR,FN1,SRC,PIK3R1
hsa05321	Inflammatory bowel disease	5	59	1.76	2.32	1.54e-07	9606.ENSP00000263341,9606.ENSP00000264657,9606.ENSP00000360266,9606.ENSP00000385675,9606.ENSP00000398698	IL1B,STAT3,JUN,IL6,TNF
hsa04664	Fc epsilon RI signaling pathway	5	65	1.72	2.23	2.39e-07	9606.ENSP00000263967,9606.ENSP00000376345,9606.ENSP00000398698,9606.ENSP00000428056,9606.ENSP00000451828	PIK3CA,GRB2,TNF,PIK3R1,AKT1
hsa04920	Adipocytokine signaling pathway	5	68	1.7	2.19	2.92e-07	9606.ENSP00000264657,9606.ENSP00000371067,9606.ENSP00000398698,9606.ENSP00000451828,9606.ENSP00000489597	STAT3,JAK2,TNF,AKT1,PTPN11
hsa04520	Adherens junction	5	69	1.69	2.17	3.09e-07	9606.ENSP00000263253,9606.ENSP00000269571,9606.ENSP00000275493,9606.ENSP00000362680,9606.ENSP00000495360	EP300,ERBB2,EGFR,SRC,CTNNB1
hsa05100	Bacterial invasion of epithelial cells	5	70	1.69	2.16	3.26e-07	9606.ENSP00000263967,9606.ENSP00000346839,9606.ENSP00000362680,9606.ENSP00000428056,9606.ENSP00000495360	PIK3CA,FN1,SRC,PIK3R1,CTNNB1
hsa04115	p53 signaling pathway	5	72	1.67	2.14	3.68e-07	9606.ENSP00000227507,9606.ENSP00000269305,9606.ENSP00000278616,9606.ENSP00000361021,9606.ENSP00000381185	CCND1,TP53,ATM,PTEN,BCL2
hsa04150	mTOR signaling pathway	6	150	1.43	1.86	3.76e-07	9606.ENSP00000263967,9606.ENSP00000361021,9606.ENSP00000376345,9606.ENSP00000398698,9606.ENSP00000428056,9606.ENSP00000451828	PIK3CA,PTEN,GRB2,TNF,PIK3R1,AKT1
hsa04310	Wnt signaling pathway	6	154	1.42	1.83	4.32e-07	9606.ENSP00000227507,9606.ENSP00000263253,9606.ENSP00000269305,9606.ENSP00000360266,9606.ENSP00000478887,9606.ENSP00000495360	CCND1,EP300,TP53,JUN,MYC,CTNNB1
hsa04662	B cell receptor signaling pathway	5	78	1.64	2.06	5.18e-07	9606.ENSP00000263967,9606.ENSP00000360266,9606.ENSP00000376345,9606.ENSP00000428056,9606.ENSP00000451828	PIK3CA,JUN,GRB2,PIK3R1,AKT1
hsa05130	Pathogenic Escherichia coli infection	6	187	1.34	1.63	1.28e-06	9606.ENSP00000263341,9606.ENSP00000360266,9606.ENSP00000362680,9606.ENSP00000385675,9606.ENSP00000398698,9606.ENSP00000489597	IL1B,JUN,SRC,IL6,TNF,PTPN11
hsa05216	Thyroid cancer	4	37	1.87	2.12	1.45e-06	9606.ENSP00000227507,9606.ENSP00000269305,9606.ENSP00000478887,9606.ENSP00000495360	CCND1,TP53,MYC,CTNNB1
hsa05145	Toxoplasmosis	5	103	1.52	1.8	1.87e-06	9606.ENSP00000264657,9606.ENSP00000371067,9606.ENSP00000381185,9606.ENSP00000398698,9606.ENSP00000451828	STAT3,JAK2,BCL2,TNF,AKT1
hsa04725	Cholinergic synapse	5	109	1.49	1.75	2.42e-06	9606.ENSP00000263967,9606.ENSP00000371067,9606.ENSP00000381185,9606.ENSP00000428056,9606.ENSP00000451828	PIK3CA,JAK2,BCL2,PIK3R1,AKT1
hsa05010	Alzheimer disease	7	354	1.13	1.31	2.73e-06	9606.ENSP00000263341,9606.ENSP00000263967,9606.ENSP00000385675,9606.ENSP00000398698,9606.ENSP00000428056,9606.ENSP00000451828,9606.ENSP00000495360	IL1B,PIK3CA,IL6,TNF,PIK3R1,AKT1,CTNNB1
hsa04110	Cell cycle	5	120	1.45	1.66	3.74e-06	9606.ENSP00000227507,9606.ENSP00000263253,9606.ENSP00000269305,9606.ENSP00000278616,9606.ENSP00000478887	CCND1,EP300,TP53,ATM,MYC
hsa04650	Natural killer cell mediated cytotoxicity	5	120	1.45	1.66	3.74e-06	9606.ENSP00000263967,9606.ENSP00000376345,9606.ENSP00000398698,9606.ENSP00000428056,9606.ENSP00000489597	PIK3CA,GRB2,TNF,PIK3R1,PTPN11
hsa04140	Autophagy - animal	5	131	1.41	1.59	5.55e-06	9606.ENSP00000263967,9606.ENSP00000361021,9606.ENSP00000381185,9606.ENSP00000428056,9606.ENSP00000451828	PIK3CA,PTEN,BCL2,PIK3R1,AKT1
hsa04370	VEGF signaling pathway	4	56	1.69	1.8	6.33e-06	9606.ENSP00000263967,9606.ENSP00000362680,9606.ENSP00000428056,9606.ENSP00000451828	PIK3CA,SRC,PIK3R1,AKT1
hsa04217	Necroptosis	5	147	1.36	1.49	9.39e-06	9606.ENSP00000263341,9606.ENSP00000264657,9606.ENSP00000371067,9606.ENSP00000381185,9606.ENSP00000398698	IL1B,STAT3,JAK2,BCL2,TNF
hsa05120	Epithelial cell signaling in Helicobacter pylori infection	4	65	1.62	1.69	1.09e-05	9606.ENSP00000275493,9606.ENSP00000360266,9606.ENSP00000362680,9606.ENSP00000489597	EGFR,JUN,SRC,PTPN11
hsa04530	Tight junction	5	157	1.34	1.43	1.26e-05	9606.ENSP00000227507,9606.ENSP00000269571,9606.ENSP00000300305,9606.ENSP00000360266,9606.ENSP00000362680	CCND1,ERBB2,RUNX1,JUN,SRC
hsa05140	Leishmaniasis	4	69	1.6	1.65	1.34e-05	9606.ENSP00000263341,9606.ENSP00000360266,9606.ENSP00000371067,9606.ENSP00000398698	IL1B,JUN,JAK2,TNF
hsa05133	Pertussis	4	73	1.57	1.61	1.64e-05	9606.ENSP00000263341,9606.ENSP00000360266,9606.ENSP00000385675,9606.ENSP00000398698	IL1B,JUN,IL6,TNF
hsa05202	Transcriptional misregulation in cancer	5	171	1.3	1.37	1.83e-05	9606.ENSP00000269305,9606.ENSP00000278616,9606.ENSP00000300305,9606.ENSP00000385675,9606.ENSP00000478887	TP53,ATM,RUNX1,IL6,MYC
hsa04621	NOD-like receptor signaling pathway	5	173	1.29	1.36	1.91e-05	9606.ENSP00000263341,9606.ENSP00000360266,9606.ENSP00000381185,9606.ENSP00000385675,9606.ENSP00000398698	IL1B,JUN,BCL2,IL6,TNF
hsa05323	Rheumatoid arthritis	4	83	1.52	1.51	2.59e-05	9606.ENSP00000263341,9606.ENSP00000360266,9606.ENSP00000385675,9606.ENSP00000398698	IL1B,JUN,IL6,TNF
hsa04211	Longevity regulating pathway	4	87	1.49	1.48	3.06e-05	9606.ENSP00000263967,9606.ENSP00000269305,9606.ENSP00000428056,9606.ENSP00000451828	PIK3CA,TP53,PIK3R1,AKT1
hsa04540	Gap junction	4	87	1.49	1.48	3.06e-05	9606.ENSP00000265171,9606.ENSP00000275493,9606.ENSP00000362680,9606.ENSP00000376345	EGF,EGFR,SRC,GRB2
hsa04912	GnRH signaling pathway	4	87	1.49	1.48	3.06e-05	9606.ENSP00000275493,9606.ENSP00000360266,9606.ENSP00000362680,9606.ENSP00000376345	EGFR,JUN,SRC,GRB2
hsa04657	IL-17 signaling pathway	4	91	1.48	1.45	3.53e-05	9606.ENSP00000263341,9606.ENSP00000360266,9606.ENSP00000385675,9606.ENSP00000398698	IL1B,JUN,IL6,TNF
hsa04750	Inflammatory mediator regulation of TRP channels	4	92	1.47	1.44	3.65e-05	9606.ENSP00000263341,9606.ENSP00000263967,9606.ENSP00000362680,9606.ENSP00000428056	IL1B,PIK3CA,SRC,PIK3R1
hsa04024	cAMP signaling pathway	5	207	1.22	1.22	4.17e-05	9606.ENSP00000263253,9606.ENSP00000263967,9606.ENSP00000360266,9606.ENSP00000428056,9606.ENSP00000451828	EP300,PIK3CA,JUN,PIK3R1,AKT1
hsa04064	NF-kappa B signaling pathway	4	101	1.43	1.38	5.10e-05	9606.ENSP00000263341,9606.ENSP00000278616,9606.ENSP00000381185,9606.ENSP00000398698	IL1B,ATM,BCL2,TNF
hsa01523	Antifolate resistance	3	31	1.82	1.59	5.16e-05	9606.ENSP00000263341,9606.ENSP00000385675,9606.ENSP00000398698	IL1B,IL6,TNF
hsa04670	Leukocyte transendothelial migration	4	111	1.39	1.31	7.17e-05	9606.ENSP00000263967,9606.ENSP00000428056,9606.ENSP00000489597,9606.ENSP00000495360	PIK3CA,PIK3R1,PTPN11,CTNNB1
hsa05143	African trypanosomiasis	3	36	1.75	1.51	7.69e-05	9606.ENSP00000263341,9606.ENSP00000385675,9606.ENSP00000398698	IL1B,IL6,TNF
hsa05332	Graft-versus-host disease	3	36	1.75	1.51	7.69e-05	9606.ENSP00000263341,9606.ENSP00000385675,9606.ENSP00000398698	IL1B,IL6,TNF
hsa03440	Homologous recombination	3	38	1.73	1.48	8.80e-05	9606.ENSP00000278616,9606.ENSP00000369497,9606.ENSP00000418960	ATM,BRCA2,BRCA1
hsa04152	AMPK signaling pathway	4	120	1.35	1.26	9.30e-05	9606.ENSP00000227507,9606.ENSP00000263967,9606.ENSP00000428056,9606.ENSP00000451828	CCND1,PIK3CA,PIK3R1,AKT1
hsa04611	Platelet activation	4	122	1.35	1.25	9.81e-05	9606.ENSP00000263967,9606.ENSP00000362680,9606.ENSP00000428056,9606.ENSP00000451828	PIK3CA,SRC,PIK3R1,AKT1
hsa05020	Prion disease	5	263	1.11	1.04	0.00012	9606.ENSP00000263341,9606.ENSP00000263967,9606.ENSP00000385675,9606.ENSP00000398698,9606.ENSP00000428056	IL1B,PIK3CA,IL6,TNF,PIK3R1
hsa04910	Insulin signaling pathway	4	132	1.31	1.2	0.00013	9606.ENSP00000263967,9606.ENSP00000376345,9606.ENSP00000428056,9606.ENSP00000451828	PIK3CA,GRB2,PIK3R1,AKT1
hsa04930	Type II diabetes mellitus	3	45	1.66	1.39	0.00013	9606.ENSP00000263967,9606.ENSP00000398698,9606.ENSP00000428056	PIK3CA,TNF,PIK3R1
hsa04973	Carbohydrate digestion and absorption	3	44	1.67	1.4	0.00013	9606.ENSP00000263967,9606.ENSP00000428056,9606.ENSP00000451828	PIK3CA,PIK3R1,AKT1
hsa05144	Malaria	3	46	1.65	1.38	0.00014	9606.ENSP00000263341,9606.ENSP00000385675,9606.ENSP00000398698	IL1B,IL6,TNF
hsa04921	Oxytocin signaling pathway	4	147	1.27	1.13	0.00019	9606.ENSP00000227507,9606.ENSP00000275493,9606.ENSP00000360266,9606.ENSP00000362680	CCND1,EGFR,JUN,SRC
hsa04923	Regulation of lipolysis in adipocytes	3	54	1.58	1.29	0.00022	9606.ENSP00000263967,9606.ENSP00000428056,9606.ENSP00000451828	PIK3CA,PIK3R1,AKT1
hsa05134	Legionellosis	3	55	1.57	1.28	0.00023	9606.ENSP00000263341,9606.ENSP00000385675,9606.ENSP00000398698	IL1B,IL6,TNF
hsa04213	Longevity regulating pathway - multiple species	3	61	1.52	1.22	0.00031	9606.ENSP00000263967,9606.ENSP00000428056,9606.ENSP00000451828	PIK3CA,PIK3R1,AKT1
hsa04929	GnRH secretion	3	63	1.51	1.21	0.00033	9606.ENSP00000263967,9606.ENSP00000428056,9606.ENSP00000451828	PIK3CA,PIK3R1,AKT1
hsa04137	Mitophagy - animal	3	64	1.5	1.2	0.00035	9606.ENSP00000269305,9606.ENSP00000360266,9606.ENSP00000362680	TP53,JUN,SRC
hsa04360	Axon guidance	4	176	1.19	1.01	0.00036	9606.ENSP00000263967,9606.ENSP00000362680,9606.ENSP00000428056,9606.ENSP00000489597	PIK3CA,SRC,PIK3R1,PTPN11
hsa04640	Hematopoietic cell lineage	3	90	1.35	1.01	0.00090	9606.ENSP00000263341,9606.ENSP00000385675,9606.ENSP00000398698	IL1B,IL6,TNF
hsa04666	Fc gamma R-mediated phagocytosis	3	90	1.35	1.01	0.00090	9606.ENSP00000263967,9606.ENSP00000428056,9606.ENSP00000451828	PIK3CA,PIK3R1,AKT1
hsa04350	TGF-beta signaling pathway	3	91	1.35	1.01	0.00091	9606.ENSP00000263253,9606.ENSP00000398698,9606.ENSP00000478887	EP300,TNF,MYC
hsa04070	Phosphatidylinositol signaling system	3	94	1.34	0.99	0.00099	9606.ENSP00000263967,9606.ENSP00000361021,9606.ENSP00000428056	PIK3CA,PTEN,PIK3R1
hsa04914	Progesterone-mediated oocyte maturation	3	95	1.33	0.99	0.0010	9606.ENSP00000263967,9606.ENSP00000428056,9606.ENSP00000451828	PIK3CA,PIK3R1,AKT1
hsa05017	Spinocerebellar ataxia	3	135	1.18	0.81	0.0027	9606.ENSP00000263967,9606.ENSP00000428056,9606.ENSP00000451828	PIK3CA,PIK3R1,AKT1
hsa04934	Cushing syndrome	3	153	1.12	0.75	0.0038	9606.ENSP00000227507,9606.ENSP00000275493,9606.ENSP00000495360	CCND1,EGFR,CTNNB1
hsa04960	Aldosterone-regulated sodium reabsorption	2	37	1.56	0.9	0.0038	9606.ENSP00000263967,9606.ENSP00000428056	PIK3CA,PIK3R1
hsa04390	Hippo signaling pathway	3	154	1.12	0.75	0.0039	9606.ENSP00000227507,9606.ENSP00000478887,9606.ENSP00000495360	CCND1,MYC,CTNNB1
hsa04940	Type I diabetes mellitus	2	38	1.55	0.89	0.0039	9606.ENSP00000263341,9606.ENSP00000398698	IL1B,TNF
hsa04340	Hedgehog signaling pathway	2	46	1.47	0.82	0.0055	9606.ENSP00000227507,9606.ENSP00000381185	CCND1,BCL2
hsa03460	Fanconi anemia pathway	2	51	1.43	0.79	0.0067	9606.ENSP00000369497,9606.ENSP00000418960	BRCA2,BRCA1
hsa04020	Calcium signaling pathway	3	191	1.03	0.65	0.0069	9606.ENSP00000265171,9606.ENSP00000269571,9606.ENSP00000275493	EGF,ERBB2,EGFR
hsa04623	Cytosolic DNA-sensing pathway	2	62	1.34	0.72	0.0095	9606.ENSP00000263341,9606.ENSP00000385675	IL1B,IL6
hsa05217	Basal cell carcinoma	2	63	1.33	0.71	0.0098	9606.ENSP00000269305,9606.ENSP00000495360	TP53,CTNNB1
hsa00562	Inositol phosphate metabolism	2	72	1.28	0.67	0.0125	9606.ENSP00000263967,9606.ENSP00000361021	PIK3CA,PTEN
hsa04658	Th1 and Th2 cell differentiation	2	85	1.2	0.61	0.0170	9606.ENSP00000360266,9606.ENSP00000371067	JUN,JAK2
hsa05410	Hypertrophic cardiomyopathy	2	88	1.19	0.6	0.0180	9606.ENSP00000385675,9606.ENSP00000398698	IL6,TNF
hsa04060	Cytokine-cytokine receptor interaction	3	282	0.86	0.5	0.0191	9606.ENSP00000263341,9606.ENSP00000385675,9606.ENSP00000398698	IL1B,IL6,TNF
hsa04916	Melanogenesis	2	95	1.16	0.58	0.0205	9606.ENSP00000263253,9606.ENSP00000495360	EP300,CTNNB1
hsa04061	Viral protein interaction with cytokine and cytokine receptor	2	96	1.15	0.57	0.0208	9606.ENSP00000385675,9606.ENSP00000398698	IL6,TNF
hsa04922	Glucagon signaling pathway	2	100	1.13	0.56	0.0223	9606.ENSP00000263253,9606.ENSP00000451828	EP300,AKT1
hsa04928	Parathyroid hormone synthesis, secretion and action	2	104	1.12	0.55	0.0238	9606.ENSP00000275493,9606.ENSP00000381185	EGFR,BCL2
hsa05014	Amyotrophic lateral sclerosis	3	350	0.77	0.42	0.0330	9606.ENSP00000269305,9606.ENSP00000381185,9606.ENSP00000398698	TP53,BCL2,TNF
hsa04371	Apelin signaling pathway	2	133	1.01	0.47	0.0372	9606.ENSP00000227507,9606.ENSP00000451828	CCND1,AKT1
hsa04261	Adrenergic signaling in cardiomyocytes	2	146	0.97	0.44	0.0439	9606.ENSP00000381185,9606.ENSP00000451828	BCL2,AKT1
